customer_id,tenure_months,contract_type,monthly_charges,support_tickets,usage_drop_pct,payment_failures,churn
CUST-1000,39,One-Year,49.38,0,-0.34,0,0
CUST-1001,29,Two-Year,91.64,1,0.45,0,0
CUST-1002,15,Two-Year,88.06,3,-0.06,0,0
CUST-1003,43,Month-to-Month,56.69,1,-0.31,0,0
CUST-1004,8,Two-Year,58.75,2,0.06,0,0
CUST-1005,21,Month-to-Month,56.12,0,-0.04,2,1
CUST-1006,39,Month-to-Month,120.3,0,-0.26,0,1
CUST-1007,19,One-Year,104.75,0,0.29,0,0
CUST-1008,23,Month-to-Month,128.21,2,0.19,2,1
CUST-1009,11,Month-to-Month,146.81,4,-0.39,1,1
CUST-1010,11,One-Year,81.64,2,0.52,2,0
CUST-1011,24,Month-to-Month,28.67,3,0.11,0,0
CUST-1012,36,Month-to-Month,26.25,0,-0.22,0,0
CUST-1013,40,Month-to-Month,58.44,1,-0.27,1,0
CUST-1014,24,One-Year,141.23,2,-0.35,0,1
CUST-1015,3,One-Year,88.02,2,-0.03,0,0
CUST-1016,22,Month-to-Month,55.33,6,-0.35,0,1
CUST-1017,2,Month-to-Month,71.89,3,-0.04,0,1
CUST-1018,24,Month-to-Month,97.82,2,-0.34,1,1
CUST-1019,44,Month-to-Month,104.88,2,0.22,2,1
CUST-1020,30,One-Year,40.01,2,0.36,1,0
CUST-1021,38,Month-to-Month,147.01,2,0.1,0,0
CUST-1022,2,Month-to-Month,90.82,3,0.25,0,1
CUST-1023,21,One-Year,37.64,1,0.53,1,0
CUST-1024,33,One-Year,136.17,1,0.2,3,1
CUST-1025,12,One-Year,29.7,1,-0.1,0,0
CUST-1026,22,Month-to-Month,138.01,2,-0.01,0,1
CUST-1027,44,Month-to-Month,149.55,0,0.45,1,0
CUST-1028,25,Month-to-Month,111.06,2,-0.36,0,1
CUST-1029,27,Month-to-Month,120.16,2,-0.14,0,1
CUST-1030,42,One-Year,63.85,1,0.14,0,0
CUST-1031,28,Two-Year,142.4,4,0.24,0,0
CUST-1032,16,One-Year,88.86,1,0.34,0,0
CUST-1033,15,One-Year,115.21,0,-0.15,0,1
CUST-1034,47,Month-to-Month,140.13,2,-0.34,0,0
CUST-1035,44,One-Year,146.77,2,0.55,0,0
CUST-1036,3,Month-to-Month,128.32,0,-0.42,0,1
CUST-1037,37,Month-to-Month,59.39,2,-0.39,0,1
CUST-1038,7,Month-to-Month,145.65,5,0.04,0,1
CUST-1039,21,Month-to-Month,101.66,1,0.4,0,0
CUST-1040,9,Month-to-Month,140.98,0,0.35,0,0
CUST-1041,39,Two-Year,107.89,3,0.53,0,1
CUST-1042,18,Month-to-Month,59.94,6,-0.34,0,1
CUST-1043,4,Month-to-Month,68.1,2,-0.09,0,1
CUST-1044,25,Month-to-Month,91.56,1,-0.19,0,0
CUST-1045,14,One-Year,122.7,3,0.45,0,1
CUST-1046,9,One-Year,61.34,2,0.04,0,0
CUST-1047,26,One-Year,95.37,1,-0.47,0,1
CUST-1048,2,Month-to-Month,64.93,2,0.28,1,1
CUST-1049,20,One-Year,126.05,3,-0.07,1,1
CUST-1050,28,Month-to-Month,80.67,2,0.08,0,0
CUST-1051,47,Two-Year,29.97,3,0.48,0,0
CUST-1052,7,One-Year,41.59,2,-0.22,2,0
CUST-1053,44,Month-to-Month,27.94,0,-0.24,0,0
CUST-1054,8,Month-to-Month,84.91,4,-0.21,0,1
CUST-1055,47,Month-to-Month,33.82,2,-0.13,0,0
CUST-1056,35,Month-to-Month,34.84,1,-0.38,0,0
CUST-1057,14,Month-to-Month,142.34,2,0.27,1,1
CUST-1058,17,One-Year,133.45,0,-0.27,0,1
CUST-1059,36,Month-to-Month,78.77,1,0.52,0,0
CUST-1060,40,Month-to-Month,148.15,2,-0.26,2,1
CUST-1061,4,Month-to-Month,20.02,1,-0.22,0,1
CUST-1062,2,Month-to-Month,99.82,1,-0.17,0,1
CUST-1063,6,Two-Year,100.14,1,0.35,0,1
CUST-1064,42,Month-to-Month,79.47,0,-0.03,0,0
CUST-1065,4,One-Year,71.6,0,0.4,1,0
CUST-1066,29,Two-Year,79.2,2,0.36,3,0
CUST-1067,18,One-Year,73.94,1,0.52,1,0
CUST-1068,26,Two-Year,114.96,3,0.33,0,1
CUST-1069,44,Month-to-Month,37.6,3,-0.44,0,1
CUST-1070,34,Two-Year,45.69,0,0.42,1,0
CUST-1071,10,Month-to-Month,43.47,0,0.53,0,1
CUST-1072,36,Month-to-Month,54.12,3,0.59,1,0
CUST-1073,14,One-Year,88.28,4,-0.36,0,1
CUST-1074,31,Two-Year,34.46,2,0.17,2,0
CUST-1075,15,Two-Year,132.86,1,-0.28,0,1
CUST-1076,8,Month-to-Month,58.66,0,-0.21,0,1
CUST-1077,14,Month-to-Month,41.13,4,0.32,0,1
CUST-1078,23,Two-Year,107.83,1,0.58,0,0
CUST-1079,40,Month-to-Month,24.95,2,0.15,0,0
CUST-1080,21,One-Year,100.6,4,0.44,0,0
CUST-1081,16,Two-Year,110.77,3,-0.49,0,1
CUST-1082,45,Month-to-Month,47.94,1,-0.46,0,1
CUST-1083,18,Month-to-Month,25.46,0,0.16,0,1
CUST-1084,47,Month-to-Month,67.27,1,-0.07,1,0
CUST-1085,24,Month-to-Month,32.82,2,0.48,0,0
CUST-1086,26,Two-Year,35.14,2,-0.17,0,0
CUST-1087,25,Month-to-Month,53.05,0,-0.02,0,0
CUST-1088,45,Two-Year,58.41,0,0.08,0,0
CUST-1089,41,Month-to-Month,88.9,2,-0.2,1,1
CUST-1090,29,Two-Year,108.19,3,0.5,1,0
CUST-1091,15,Month-to-Month,97.06,1,0.01,1,1
CUST-1092,45,Month-to-Month,39.29,3,-0.03,0,0
CUST-1093,1,Month-to-Month,42.37,1,0.43,0,0
CUST-1094,25,One-Year,134.24,1,-0.16,0,1
CUST-1095,7,One-Year,92.59,7,0.4,0,1
CUST-1096,9,Two-Year,133.09,0,-0.37,0,1
CUST-1097,24,Month-to-Month,68.3,0,-0.3,0,1
CUST-1098,1,Month-to-Month,99.87,3,0.55,0,0
CUST-1099,44,Month-to-Month,88.08,1,0.43,2,1
CUST-1100,8,Month-to-Month,61.49,1,-0.07,1,0
CUST-1101,24,Month-to-Month,81.09,3,0.2,0,1
CUST-1102,11,Two-Year,85.32,1,0.54,0,0
CUST-1103,17,Two-Year,46.1,1,-0.27,3,1
CUST-1104,8,Two-Year,60.95,4,-0.44,0,1
CUST-1105,35,One-Year,122.88,1,0.09,1,0
CUST-1106,35,Month-to-Month,139.05,2,-0.34,0,1
CUST-1107,33,Month-to-Month,66.77,2,-0.29,1,1
CUST-1108,5,Month-to-Month,59.91,2,0.48,0,1
CUST-1109,42,Two-Year,45.38,2,-0.49,0,0
CUST-1110,39,Month-to-Month,108.2,1,0.4,0,0
CUST-1111,41,Month-to-Month,62.0,2,0.07,0,0
CUST-1112,28,Month-to-Month,148.41,1,0.12,2,1
CUST-1113,7,Month-to-Month,62.34,1,0.24,0,1
CUST-1114,9,Two-Year,71.24,0,-0.03,0,0
CUST-1115,8,One-Year,98.43,1,-0.37,0,1
CUST-1116,12,Month-to-Month,124.22,2,-0.39,1,1
CUST-1117,34,Two-Year,81.04,3,0.33,1,1
CUST-1118,33,One-Year,74.95,0,-0.26,0,0
CUST-1119,23,Month-to-Month,149.43,2,-0.47,0,1
CUST-1120,24,Month-to-Month,21.36,0,0.58,0,0
CUST-1121,37,Month-to-Month,136.36,2,0.58,0,1
CUST-1122,35,Month-to-Month,39.39,4,-0.08,0,1
CUST-1123,44,Two-Year,122.17,2,-0.47,0,1
CUST-1124,40,Month-to-Month,100.33,1,0.3,3,1
CUST-1125,22,Two-Year,64.44,1,0.41,0,0
CUST-1126,27,Month-to-Month,133.6,3,-0.36,0,1
CUST-1127,35,Month-to-Month,21.68,2,-0.35,0,0
CUST-1128,1,Month-to-Month,49.47,1,0.4,0,1
CUST-1129,35,Month-to-Month,93.7,3,0.51,0,1
CUST-1130,37,Month-to-Month,65.7,2,0.37,0,0
CUST-1131,47,Two-Year,99.35,1,-0.28,0,0
CUST-1132,14,Month-to-Month,23.13,2,-0.05,1,1
CUST-1133,3,One-Year,35.14,1,0.16,0,0
CUST-1134,1,Month-to-Month,36.52,2,-0.32,0,1
CUST-1135,5,Month-to-Month,44.61,0,-0.27,2,1
CUST-1136,26,Month-to-Month,79.71,3,-0.19,0,1
CUST-1137,14,One-Year,117.78,3,0.06,0,1
CUST-1138,39,Month-to-Month,137.72,1,0.06,0,0
CUST-1139,27,Month-to-Month,128.6,1,0.4,1,1
CUST-1140,9,One-Year,45.6,0,0.33,1,1
CUST-1141,15,Month-to-Month,77.35,2,0.51,0,1
CUST-1142,15,Month-to-Month,45.92,0,0.42,0,0
CUST-1143,26,Month-to-Month,54.38,3,-0.22,0,0
CUST-1144,42,Two-Year,85.46,0,-0.14,2,1
CUST-1145,13,One-Year,28.85,1,0.05,0,0
CUST-1146,32,Month-to-Month,48.36,2,-0.48,1,1
CUST-1147,39,Month-to-Month,141.6,4,0.49,0,1
CUST-1148,32,Two-Year,80.6,1,-0.45,0,1
CUST-1149,4,One-Year,77.9,4,-0.15,0,1
CUST-1150,30,Month-to-Month,21.89,0,0.13,0,0
CUST-1151,37,Two-Year,52.16,1,0.07,0,0
CUST-1152,23,Month-to-Month,132.62,2,0.22,2,1
CUST-1153,39,Month-to-Month,41.4,0,0.08,0,0
CUST-1154,45,One-Year,73.97,1,-0.25,0,0
CUST-1155,15,Month-to-Month,21.86,4,-0.28,0,1
CUST-1156,43,Two-Year,82.18,1,0.5,1,0
CUST-1157,29,One-Year,22.73,1,-0.21,2,0
CUST-1158,36,One-Year,126.55,4,-0.19,0,0
CUST-1159,13,Month-to-Month,127.23,0,-0.05,0,1
CUST-1160,32,Month-to-Month,122.41,3,-0.35,0,1
CUST-1161,7,Month-to-Month,56.84,3,0.06,0,0
CUST-1162,22,One-Year,128.84,0,0.23,0,0
CUST-1163,28,Month-to-Month,90.59,4,0.36,0,1
CUST-1164,2,Month-to-Month,68.6,2,0.28,0,0
CUST-1165,42,One-Year,101.29,2,-0.34,0,1
CUST-1166,45,Month-to-Month,21.6,1,0.0,0,0
CUST-1167,6,One-Year,38.58,2,-0.46,0,1
CUST-1168,28,Month-to-Month,116.5,0,-0.48,0,1
CUST-1169,28,Two-Year,51.74,3,-0.02,0,0
CUST-1170,44,Month-to-Month,97.74,1,-0.22,0,1
CUST-1171,44,Month-to-Month,70.06,3,0.25,1,0
CUST-1172,20,Month-to-Month,131.12,2,0.3,0,1
CUST-1173,30,Month-to-Month,143.81,0,0.48,0,0
CUST-1174,11,One-Year,134.86,3,0.34,0,1
CUST-1175,28,One-Year,55.18,2,-0.45,2,1
CUST-1176,25,One-Year,45.24,1,-0.09,0,0
CUST-1177,39,Month-to-Month,81.68,2,-0.2,2,1
CUST-1178,33,Month-to-Month,20.95,0,-0.08,0,0
CUST-1179,1,Month-to-Month,23.36,2,-0.32,0,1
CUST-1180,27,One-Year,91.93,4,-0.39,0,1
CUST-1181,13,Two-Year,87.66,1,0.07,0,0
CUST-1182,41,Month-to-Month,149.3,2,0.29,0,1
CUST-1183,3,Month-to-Month,46.24,1,0.27,0,1
CUST-1184,39,One-Year,53.55,2,-0.0,1,1
CUST-1185,6,Two-Year,34.76,2,0.07,0,0
CUST-1186,8,One-Year,139.28,3,0.07,0,1
CUST-1187,27,Two-Year,121.12,2,0.26,0,0
CUST-1188,9,Month-to-Month,126.9,0,-0.45,0,1
CUST-1189,37,Month-to-Month,137.36,0,0.28,0,0
CUST-1190,33,Two-Year,88.24,0,0.14,0,0
CUST-1191,42,One-Year,78.66,3,-0.28,0,1
CUST-1192,44,Month-to-Month,62.95,3,-0.45,0,0
CUST-1193,24,One-Year,96.6,2,-0.38,0,0
CUST-1194,15,Two-Year,79.06,0,0.08,0,0
CUST-1195,32,One-Year,78.7,3,0.33,0,0
CUST-1196,32,One-Year,141.8,0,-0.13,2,1
CUST-1197,24,Month-to-Month,147.92,1,-0.08,1,1
CUST-1198,41,Month-to-Month,123.54,3,0.53,0,1
CUST-1199,12,Month-to-Month,118.38,3,-0.27,0,1
CUST-1200,39,Two-Year,108.47,2,-0.39,2,0
CUST-1201,2,Two-Year,41.59,1,-0.12,0,0
CUST-1202,3,Two-Year,27.68,4,0.32,0,0
CUST-1203,37,Month-to-Month,109.79,6,0.19,0,1
CUST-1204,17,One-Year,114.74,2,-0.04,1,1
CUST-1205,2,One-Year,26.11,0,0.56,0,0
CUST-1206,2,One-Year,140.65,3,0.31,0,0
CUST-1207,28,One-Year,31.85,0,-0.43,0,1
CUST-1208,23,Two-Year,57.17,0,0.32,1,0
CUST-1209,37,Month-to-Month,107.41,0,-0.47,0,1
CUST-1210,32,Month-to-Month,42.08,0,0.22,1,1
CUST-1211,33,Month-to-Month,27.2,4,-0.27,1,1
CUST-1212,1,Month-to-Month,63.05,0,0.27,0,1
CUST-1213,19,One-Year,119.58,0,-0.16,0,1
CUST-1214,2,One-Year,73.78,6,0.46,0,0
CUST-1215,44,Month-to-Month,104.89,3,-0.13,2,1
CUST-1216,26,Month-to-Month,95.35,4,0.18,0,0
CUST-1217,32,One-Year,22.89,3,-0.19,2,0
CUST-1218,6,Month-to-Month,148.51,2,0.51,0,0
CUST-1219,32,Month-to-Month,25.39,2,0.36,0,0
CUST-1220,4,Month-to-Month,145.81,1,-0.23,0,1
CUST-1221,11,Month-to-Month,91.48,2,0.54,0,1
CUST-1222,17,Month-to-Month,145.21,0,-0.11,1,1
CUST-1223,38,Month-to-Month,34.92,3,0.22,0,0
CUST-1224,24,Month-to-Month,83.75,2,0.32,0,0
CUST-1225,5,Two-Year,42.04,2,-0.47,0,1
CUST-1226,34,Month-to-Month,26.63,3,0.55,0,0
CUST-1227,6,One-Year,100.28,0,-0.12,0,0
CUST-1228,22,Month-to-Month,47.01,2,-0.29,0,1
CUST-1229,11,Month-to-Month,96.4,0,0.44,1,1
CUST-1230,16,One-Year,34.61,0,0.27,0,0
CUST-1231,33,Month-to-Month,63.16,3,-0.4,0,1
CUST-1232,9,Month-to-Month,121.61,1,-0.37,0,1
CUST-1233,6,One-Year,76.82,2,0.29,0,0
CUST-1234,16,One-Year,101.61,1,-0.42,0,1
CUST-1235,29,Month-to-Month,104.17,0,0.51,2,1
CUST-1236,3,Month-to-Month,129.69,4,0.32,0,1
CUST-1237,20,One-Year,62.24,0,-0.13,0,1
CUST-1238,36,Month-to-Month,109.35,0,-0.1,0,0
CUST-1239,19,One-Year,145.01,1,0.06,0,1
CUST-1240,26,One-Year,114.93,1,-0.1,1,0
CUST-1241,3,Two-Year,83.68,2,0.36,0,0
CUST-1242,19,Month-to-Month,101.99,2,0.57,0,0
CUST-1243,20,Two-Year,116.16,1,0.14,0,0
CUST-1244,32,Month-to-Month,99.6,0,-0.01,1,1
CUST-1245,7,Month-to-Month,22.17,2,-0.25,1,1
CUST-1246,41,Month-to-Month,45.32,2,0.22,0,1
CUST-1247,33,One-Year,125.36,1,0.25,0,0
CUST-1248,40,Month-to-Month,55.44,1,0.25,1,0
CUST-1249,39,Month-to-Month,115.1,1,-0.47,0,0
CUST-1250,18,Month-to-Month,68.38,4,0.49,0,0
CUST-1251,40,Two-Year,87.84,2,-0.13,0,1
CUST-1252,1,One-Year,28.84,1,0.32,1,0
CUST-1253,11,One-Year,43.56,2,0.34,0,0
CUST-1254,28,Month-to-Month,144.44,1,0.22,0,1
CUST-1255,25,Month-to-Month,135.72,3,-0.07,1,1
CUST-1256,23,One-Year,104.8,0,0.17,0,0
CUST-1257,31,Month-to-Month,79.75,2,-0.46,1,1
CUST-1258,30,Month-to-Month,107.85,0,0.34,0,0
CUST-1259,42,One-Year,100.42,2,-0.39,2,1
CUST-1260,35,Two-Year,93.91,2,-0.06,0,0
CUST-1261,7,One-Year,27.69,0,-0.39,0,0
CUST-1262,16,One-Year,102.26,0,0.42,0,0
CUST-1263,26,Two-Year,119.96,1,0.11,0,1
CUST-1264,2,Month-to-Month,149.23,1,0.26,0,1
CUST-1265,1,One-Year,21.44,3,0.25,0,0
CUST-1266,12,Two-Year,114.92,0,0.43,0,0
CUST-1267,5,Month-to-Month,94.33,2,-0.35,0,0
CUST-1268,37,One-Year,76.43,1,0.23,0,0
CUST-1269,32,One-Year,36.58,3,0.13,0,0
CUST-1270,9,One-Year,73.18,2,-0.47,0,1
CUST-1271,41,One-Year,66.07,1,-0.28,2,1
CUST-1272,35,Two-Year,59.37,4,-0.21,0,0
CUST-1273,19,One-Year,115.01,0,-0.42,0,0
CUST-1274,16,Month-to-Month,111.09,6,-0.11,2,1
CUST-1275,3,Two-Year,96.57,1,-0.47,0,0
CUST-1276,20,Month-to-Month,142.03,1,0.11,0,0
CUST-1277,24,Month-to-Month,65.48,3,-0.27,0,1
CUST-1278,33,Month-to-Month,51.69,0,-0.18,0,0
CUST-1279,24,Month-to-Month,105.27,3,0.5,0,1
CUST-1280,11,Month-to-Month,45.85,3,0.05,0,1
CUST-1281,8,Two-Year,60.95,6,-0.2,1,1
CUST-1282,36,One-Year,49.2,1,0.16,0,0
CUST-1283,38,One-Year,28.99,0,-0.28,0,0
CUST-1284,40,Month-to-Month,127.57,3,-0.42,2,1
CUST-1285,20,Two-Year,53.09,1,-0.48,0,0
CUST-1286,35,Two-Year,81.49,0,0.55,2,0
CUST-1287,25,One-Year,25.63,0,0.3,0,0
CUST-1288,35,Month-to-Month,110.91,1,0.38,0,1
CUST-1289,25,Month-to-Month,62.97,2,0.58,0,0
CUST-1290,29,Month-to-Month,116.82,6,0.52,0,1
CUST-1291,18,Month-to-Month,73.61,1,0.31,0,0
CUST-1292,46,Month-to-Month,45.45,4,0.26,0,0
CUST-1293,18,Two-Year,86.71,2,-0.13,0,1
CUST-1294,2,Month-to-Month,36.97,2,-0.39,0,0
CUST-1295,35,Month-to-Month,77.27,2,0.13,0,1
CUST-1296,16,Month-to-Month,61.25,1,0.13,0,0
CUST-1297,41,Month-to-Month,138.55,4,0.55,0,1
CUST-1298,36,Month-to-Month,27.92,3,-0.01,0,1
CUST-1299,33,Month-to-Month,110.22,6,0.26,0,1
CUST-1300,4,Month-to-Month,43.76,2,0.13,0,0
CUST-1301,33,One-Year,61.48,2,-0.31,0,0
CUST-1302,14,Two-Year,74.02,2,0.15,0,1
CUST-1303,21,Month-to-Month,138.04,1,0.09,0,1
CUST-1304,20,Month-to-Month,51.54,3,0.04,2,0
CUST-1305,8,Two-Year,31.87,3,0.06,0,1
CUST-1306,7,Month-to-Month,61.43,2,-0.32,0,1
CUST-1307,3,Month-to-Month,33.61,0,0.01,2,1
CUST-1308,17,Two-Year,36.72,3,0.17,2,1
CUST-1309,33,Month-to-Month,94.6,2,0.04,1,1
CUST-1310,12,One-Year,27.92,1,0.04,0,0
CUST-1311,22,One-Year,24.02,1,-0.41,0,0
CUST-1312,22,Month-to-Month,112.87,2,-0.29,1,1
CUST-1313,46,Month-to-Month,67.01,1,-0.15,1,0
CUST-1314,30,One-Year,36.3,3,-0.04,0,0
CUST-1315,38,Month-to-Month,52.97,3,0.15,0,1
CUST-1316,38,Month-to-Month,103.47,1,0.45,3,1
CUST-1317,45,One-Year,55.82,4,-0.32,0,0
CUST-1318,8,Month-to-Month,84.29,4,-0.48,0,1
CUST-1319,27,Month-to-Month,35.82,2,-0.01,0,0
CUST-1320,27,Two-Year,96.45,2,-0.02,0,0
CUST-1321,34,Month-to-Month,61.09,5,0.11,0,0
CUST-1322,21,Two-Year,101.51,2,0.42,0,0
CUST-1323,30,One-Year,125.09,4,0.38,3,1
CUST-1324,33,One-Year,99.51,4,-0.39,0,1
CUST-1325,28,Month-to-Month,58.45,3,0.53,0,0
CUST-1326,47,Two-Year,53.25,1,-0.38,1,0
CUST-1327,33,Month-to-Month,62.56,3,0.2,0,0
CUST-1328,5,One-Year,41.4,0,0.24,0,0
CUST-1329,19,Month-to-Month,43.55,3,0.25,0,1
CUST-1330,4,Month-to-Month,122.79,0,-0.21,0,1
CUST-1331,35,Month-to-Month,70.02,1,-0.14,0,1
CUST-1332,17,Two-Year,76.68,1,0.1,0,0
CUST-1333,44,Two-Year,97.23,5,-0.28,2,0
CUST-1334,28,Month-to-Month,96.65,0,-0.48,0,1
CUST-1335,30,Month-to-Month,28.76,3,0.12,0,0
CUST-1336,29,One-Year,128.1,1,0.01,0,0
CUST-1337,46,Month-to-Month,43.05,2,0.22,0,0
CUST-1338,6,Month-to-Month,114.0,3,-0.34,0,1
CUST-1339,35,One-Year,120.45,4,0.43,0,1
CUST-1340,41,Month-to-Month,112.94,0,-0.34,1,1
CUST-1341,37,Two-Year,95.27,1,0.48,0,0
CUST-1342,24,Month-to-Month,21.9,3,-0.01,0,1
CUST-1343,29,Month-to-Month,66.85,2,0.1,0,1
CUST-1344,46,Month-to-Month,98.63,4,0.49,0,0
CUST-1345,31,One-Year,70.37,3,-0.17,0,0
CUST-1346,35,Month-to-Month,132.25,2,-0.3,2,1
CUST-1347,33,One-Year,60.14,2,-0.01,0,0
CUST-1348,21,Month-to-Month,58.16,3,-0.23,0,1
CUST-1349,32,Two-Year,54.58,1,0.08,3,1
CUST-1350,23,Month-to-Month,63.26,4,-0.2,0,1
CUST-1351,33,Month-to-Month,92.46,2,0.45,2,1
CUST-1352,3,One-Year,111.91,3,0.17,0,1
CUST-1353,18,Month-to-Month,106.13,1,-0.5,0,0
CUST-1354,25,Month-to-Month,125.0,0,0.39,0,0
CUST-1355,42,Two-Year,135.17,3,-0.14,0,1
CUST-1356,31,Month-to-Month,126.09,0,-0.15,0,0
CUST-1357,3,One-Year,22.46,1,-0.08,0,0
CUST-1358,40,Month-to-Month,115.67,0,0.19,0,0
CUST-1359,46,One-Year,47.09,1,-0.01,0,0
CUST-1360,24,Month-to-Month,37.28,1,0.19,1,1
CUST-1361,32,Month-to-Month,103.0,0,-0.34,0,0
CUST-1362,47,Two-Year,61.57,0,0.57,0,0
CUST-1363,22,One-Year,27.43,1,0.3,0,0
CUST-1364,23,Month-to-Month,37.89,1,-0.22,0,0
CUST-1365,2,Month-to-Month,20.12,1,0.3,0,0
CUST-1366,27,Two-Year,137.42,0,0.13,0,0
CUST-1367,42,Month-to-Month,23.2,2,-0.38,1,0
CUST-1368,2,One-Year,47.23,2,-0.3,0,1
CUST-1369,26,One-Year,74.11,1,-0.45,0,1
CUST-1370,17,Month-to-Month,66.35,2,0.39,2,1
CUST-1371,40,Month-to-Month,138.52,4,0.11,3,1
CUST-1372,33,One-Year,25.24,0,-0.15,0,0
CUST-1373,9,Month-to-Month,86.59,1,-0.36,0,1
CUST-1374,43,Month-to-Month,108.46,3,0.03,0,1
CUST-1375,39,Two-Year,141.12,0,0.08,0,0
CUST-1376,29,One-Year,100.65,0,0.27,3,0
CUST-1377,42,One-Year,124.49,1,0.57,0,0
CUST-1378,26,One-Year,30.88,4,-0.02,0,0
CUST-1379,35,One-Year,70.17,4,-0.05,0,0
CUST-1380,25,Month-to-Month,68.61,0,-0.09,0,0
CUST-1381,24,Month-to-Month,135.22,6,0.41,0,1
CUST-1382,13,Month-to-Month,39.68,2,-0.33,0,0
CUST-1383,7,Month-to-Month,39.75,3,-0.12,0,1
CUST-1384,36,One-Year,62.71,3,0.3,0,0
CUST-1385,45,Month-to-Month,27.08,3,-0.48,0,0
CUST-1386,20,Month-to-Month,43.72,1,-0.18,0,1
CUST-1387,1,Month-to-Month,145.48,3,0.21,0,1
CUST-1388,8,Month-to-Month,75.66,1,-0.3,0,1
CUST-1389,46,Month-to-Month,102.16,3,-0.17,1,0
CUST-1390,16,Month-to-Month,114.39,0,0.03,0,0
CUST-1391,14,Month-to-Month,67.7,2,-0.04,0,1
CUST-1392,12,Month-to-Month,39.14,2,-0.38,0,0
CUST-1393,23,Month-to-Month,46.86,2,0.53,0,0
CUST-1394,15,One-Year,60.72,2,-0.45,0,1
CUST-1395,28,Month-to-Month,102.69,2,0.32,0,0
CUST-1396,34,Month-to-Month,71.78,2,-0.42,0,0
CUST-1397,2,One-Year,20.89,2,0.01,0,0
CUST-1398,32,Month-to-Month,88.04,1,-0.31,0,1
CUST-1399,23,Two-Year,139.8,4,-0.34,0,1
CUST-1400,22,Month-to-Month,125.57,2,-0.36,1,1
CUST-1401,25,Month-to-Month,127.28,2,-0.0,0,0
CUST-1402,22,One-Year,123.36,0,0.07,0,0
CUST-1403,22,Month-to-Month,62.09,1,-0.35,0,0
CUST-1404,42,One-Year,119.48,2,0.58,0,0
CUST-1405,6,Month-to-Month,38.61,3,-0.22,0,0
CUST-1406,15,Two-Year,105.5,2,0.0,0,1
CUST-1407,43,Month-to-Month,103.4,2,-0.26,1,1
CUST-1408,37,Month-to-Month,23.32,1,0.04,0,0
CUST-1409,33,One-Year,122.44,1,0.33,0,0
CUST-1410,8,Month-to-Month,137.42,1,0.07,0,1
CUST-1411,44,Month-to-Month,54.76,2,-0.19,0,0
CUST-1412,44,One-Year,125.61,2,-0.23,0,0
CUST-1413,5,Two-Year,30.71,2,0.33,2,0
CUST-1414,39,Month-to-Month,98.0,0,-0.37,0,0
CUST-1415,4,One-Year,83.13,2,-0.09,1,1
CUST-1416,6,Two-Year,90.97,1,-0.33,0,1
CUST-1417,45,Two-Year,140.41,3,-0.22,1,1
CUST-1418,32,Month-to-Month,133.27,2,-0.33,1,1
CUST-1419,30,One-Year,122.06,1,0.48,0,0
CUST-1420,47,Month-to-Month,55.58,1,0.31,2,0
CUST-1421,35,Two-Year,138.54,1,0.12,0,0
CUST-1422,40,Month-to-Month,32.68,1,-0.25,0,0
CUST-1423,16,Month-to-Month,130.93,2,0.06,0,1
CUST-1424,13,One-Year,62.66,3,0.07,0,0
CUST-1425,42,Month-to-Month,26.99,2,0.15,1,0
CUST-1426,30,Two-Year,107.02,0,-0.43,0,0
CUST-1427,19,Two-Year,50.07,4,0.57,0,0
CUST-1428,17,One-Year,51.66,2,0.01,0,0
CUST-1429,19,Month-to-Month,59.79,3,0.52,1,0
CUST-1430,28,One-Year,28.28,1,-0.49,2,1
CUST-1431,26,Month-to-Month,43.03,1,-0.23,0,0
CUST-1432,37,Month-to-Month,20.67,4,-0.39,0,1
CUST-1433,26,Two-Year,77.9,3,0.35,0,0
CUST-1434,23,Month-to-Month,30.95,1,-0.15,0,0
CUST-1435,9,Month-to-Month,108.74,2,0.42,0,1
CUST-1436,12,Two-Year,50.63,1,0.42,0,0
CUST-1437,1,Month-to-Month,142.66,1,0.23,0,1
CUST-1438,1,Month-to-Month,133.26,1,0.23,0,1
CUST-1439,47,Two-Year,57.63,0,0.27,0,0
CUST-1440,34,Month-to-Month,121.82,3,0.24,1,1
CUST-1441,32,One-Year,124.42,1,-0.07,1,0
CUST-1442,25,Two-Year,148.25,3,0.25,0,1
CUST-1443,40,Two-Year,97.72,2,0.49,0,0
CUST-1444,45,One-Year,30.66,0,-0.13,0,0
CUST-1445,1,Month-to-Month,104.09,5,0.54,0,1
CUST-1446,16,Month-to-Month,101.25,1,-0.49,0,1
CUST-1447,39,Two-Year,102.99,6,-0.12,1,1
CUST-1448,5,Two-Year,59.93,2,-0.35,0,0
CUST-1449,22,Month-to-Month,131.76,2,-0.36,0,1
CUST-1450,29,Month-to-Month,144.73,0,0.4,0,0
CUST-1451,3,Month-to-Month,48.3,3,0.51,0,0
CUST-1452,12,Month-to-Month,31.46,0,0.36,1,1
CUST-1453,26,One-Year,45.29,1,0.57,0,0
CUST-1454,16,Month-to-Month,126.67,0,-0.26,1,1
CUST-1455,37,Two-Year,107.96,2,-0.35,0,0
CUST-1456,22,One-Year,102.69,0,0.07,2,0
CUST-1457,29,Month-to-Month,72.23,2,0.41,1,1
CUST-1458,14,One-Year,95.12,2,-0.46,0,1
CUST-1459,28,Month-to-Month,60.02,1,0.6,1,0
CUST-1460,5,One-Year,82.04,2,0.16,0,0
CUST-1461,47,One-Year,123.1,0,0.58,3,0
CUST-1462,30,Two-Year,147.56,5,-0.1,0,1
CUST-1463,46,Two-Year,141.22,1,0.0,0,0
CUST-1464,5,Month-to-Month,141.4,2,0.33,0,1
CUST-1465,12,Month-to-Month,72.29,2,0.37,0,0
CUST-1466,16,One-Year,80.94,1,-0.24,1,1
CUST-1467,26,Month-to-Month,111.73,1,0.52,0,0
CUST-1468,26,Month-to-Month,139.88,1,0.45,0,1
CUST-1469,21,Month-to-Month,38.46,3,-0.48,0,1
CUST-1470,39,One-Year,59.55,1,-0.36,0,0
CUST-1471,36,Month-to-Month,38.1,2,0.05,0,0
CUST-1472,33,One-Year,99.56,1,0.01,0,0
CUST-1473,30,Two-Year,59.82,2,0.28,0,0
CUST-1474,37,Month-to-Month,62.39,1,-0.4,0,0
CUST-1475,23,Month-to-Month,29.22,0,0.21,0,0
CUST-1476,10,Month-to-Month,65.47,2,0.18,0,1
CUST-1477,5,Two-Year,132.12,3,-0.24,1,0
CUST-1478,36,Month-to-Month,50.3,3,0.1,0,0
CUST-1479,34,Month-to-Month,110.37,1,-0.26,0,1
CUST-1480,31,Month-to-Month,101.85,3,-0.34,0,1
CUST-1481,10,One-Year,132.25,2,0.13,0,1
CUST-1482,19,Month-to-Month,37.2,2,0.58,0,0
CUST-1483,32,One-Year,147.09,0,-0.24,0,0
CUST-1484,1,Two-Year,95.74,4,-0.11,0,1
CUST-1485,5,Month-to-Month,149.41,1,-0.22,0,1
CUST-1486,45,Two-Year,138.5,2,-0.21,0,0
CUST-1487,4,Month-to-Month,48.8,2,-0.06,0,1
CUST-1488,16,Two-Year,27.3,0,0.27,0,0
CUST-1489,24,One-Year,53.23,0,-0.46,0,0
CUST-1490,16,Two-Year,88.58,2,0.55,0,1
CUST-1491,2,Month-to-Month,42.31,1,-0.45,1,1
CUST-1492,28,Month-to-Month,41.77,1,0.47,0,0
CUST-1493,32,Month-to-Month,80.14,1,0.48,0,0
CUST-1494,27,Month-to-Month,24.32,5,0.08,2,1
CUST-1495,20,Month-to-Month,35.85,4,-0.35,0,1
CUST-1496,24,Month-to-Month,74.06,2,0.12,0,1
CUST-1497,12,Month-to-Month,28.21,1,0.19,0,0
CUST-1498,35,Month-to-Month,71.58,1,0.44,0,0
CUST-1499,33,Two-Year,81.62,0,0.11,1,0
CUST-1500,33,Month-to-Month,78.66,2,-0.05,0,1
CUST-1501,43,Month-to-Month,132.99,1,0.42,0,0
CUST-1502,37,Month-to-Month,88.91,2,0.58,0,0
CUST-1503,12,Month-to-Month,80.84,4,0.21,2,1
CUST-1504,3,Two-Year,73.39,1,0.46,0,0
CUST-1505,1,Month-to-Month,126.29,1,0.16,1,1
CUST-1506,33,One-Year,136.36,1,0.26,0,0
CUST-1507,40,Two-Year,130.92,1,0.26,1,0
CUST-1508,10,Two-Year,107.56,3,0.28,0,0
CUST-1509,43,One-Year,37.86,4,-0.15,0,0
CUST-1510,44,Two-Year,55.99,1,0.13,0,0
CUST-1511,29,Two-Year,25.99,2,0.15,2,0
CUST-1512,13,One-Year,141.01,3,-0.15,0,0
CUST-1513,12,One-Year,105.9,1,-0.12,0,1
CUST-1514,31,One-Year,117.03,2,0.34,0,0
CUST-1515,46,Month-to-Month,60.5,2,0.14,0,0
CUST-1516,2,One-Year,129.93,1,-0.34,1,1
CUST-1517,35,Month-to-Month,53.75,2,0.42,0,0
CUST-1518,23,Month-to-Month,20.21,2,0.47,1,0
CUST-1519,17,Month-to-Month,68.93,1,0.01,0,0
CUST-1520,26,Month-to-Month,94.2,2,-0.27,3,1
CUST-1521,8,Month-to-Month,82.23,3,0.54,0,0
CUST-1522,29,Month-to-Month,132.07,3,0.47,0,1
CUST-1523,26,One-Year,33.7,2,-0.23,0,0
CUST-1524,10,Month-to-Month,92.0,0,-0.39,1,0
CUST-1525,26,Two-Year,86.69,1,-0.02,0,0
CUST-1526,34,Month-to-Month,56.58,3,0.24,0,0
CUST-1527,41,Month-to-Month,126.89,1,-0.31,1,1
CUST-1528,7,One-Year,117.87,3,0.06,1,1
CUST-1529,4,One-Year,115.27,0,-0.03,1,1
CUST-1530,45,Month-to-Month,133.91,2,0.48,0,0
CUST-1531,11,Two-Year,113.96,1,-0.03,0,1
CUST-1532,29,Two-Year,50.14,2,0.09,0,1
CUST-1533,36,Month-to-Month,111.72,1,0.55,0,0
CUST-1534,25,Month-to-Month,60.0,0,-0.17,0,0
CUST-1535,21,Two-Year,51.48,0,-0.18,0,0
CUST-1536,36,One-Year,29.49,1,0.38,3,0
CUST-1537,10,Month-to-Month,116.72,1,-0.19,0,1
CUST-1538,37,Two-Year,112.43,4,0.42,0,0
CUST-1539,9,Month-to-Month,50.48,0,-0.39,0,0
CUST-1540,24,Month-to-Month,117.42,1,-0.38,0,1
CUST-1541,35,Month-to-Month,139.32,2,0.49,0,0
CUST-1542,35,One-Year,34.04,8,0.09,0,1
CUST-1543,36,One-Year,50.24,0,0.29,0,0
CUST-1544,18,One-Year,117.53,5,-0.25,1,1
CUST-1545,39,Month-to-Month,55.69,1,-0.32,0,1
CUST-1546,32,Month-to-Month,101.21,1,0.42,1,1
CUST-1547,24,Month-to-Month,30.55,3,-0.11,0,1
CUST-1548,23,One-Year,78.79,1,0.0,0,0
CUST-1549,32,Month-to-Month,116.08,1,-0.47,0,1
CUST-1550,37,Month-to-Month,109.25,1,-0.08,0,0
CUST-1551,12,Two-Year,125.96,1,0.35,0,1
CUST-1552,13,Month-to-Month,134.07,0,0.4,0,1
CUST-1553,23,Two-Year,120.51,0,0.27,3,0
CUST-1554,25,Month-to-Month,107.31,2,0.26,3,1
CUST-1555,35,One-Year,24.12,2,0.06,0,0
CUST-1556,41,Month-to-Month,89.55,1,0.09,0,0
CUST-1557,30,Two-Year,24.9,4,0.32,0,0
CUST-1558,17,Month-to-Month,125.05,2,-0.23,2,1
CUST-1559,20,Month-to-Month,61.69,1,-0.25,0,1
CUST-1560,25,Month-to-Month,93.12,1,0.54,0,0
CUST-1561,22,Month-to-Month,56.33,3,-0.47,0,1
CUST-1562,13,Month-to-Month,121.73,2,-0.35,0,1
CUST-1563,19,Two-Year,135.25,2,0.13,0,0
CUST-1564,36,Month-to-Month,71.82,2,0.31,0,0
CUST-1565,12,One-Year,132.18,2,0.09,0,1
CUST-1566,41,One-Year,54.72,0,-0.11,0,0
CUST-1567,19,One-Year,89.51,0,0.58,0,0
CUST-1568,12,Month-to-Month,131.64,1,0.27,1,1
CUST-1569,9,Month-to-Month,62.36,1,0.41,0,1
CUST-1570,7,One-Year,144.03,3,-0.46,0,0
CUST-1571,28,Two-Year,35.84,4,-0.24,0,1
CUST-1572,14,Month-to-Month,22.38,1,-0.09,0,1
CUST-1573,31,Month-to-Month,137.54,5,-0.3,0,1
CUST-1574,19,Month-to-Month,28.92,0,-0.42,0,0
CUST-1575,47,Two-Year,148.95,2,-0.25,0,1
CUST-1576,16,Month-to-Month,143.68,0,0.09,0,1
CUST-1577,5,Month-to-Month,37.81,5,0.27,0,0
CUST-1578,35,Two-Year,89.89,6,0.35,0,1
CUST-1579,12,Month-to-Month,44.04,1,-0.45,0,1
CUST-1580,25,Month-to-Month,75.66,0,-0.03,0,0
CUST-1581,21,One-Year,27.99,1,-0.37,0,0
CUST-1582,36,Two-Year,49.11,2,-0.03,0,0
CUST-1583,23,Month-to-Month,67.23,4,-0.02,0,1
CUST-1584,16,Month-to-Month,77.02,1,0.05,0,1
CUST-1585,39,Month-to-Month,147.07,0,0.48,1,0
CUST-1586,45,Month-to-Month,125.02,2,0.39,0,0
CUST-1587,42,One-Year,115.86,1,0.2,0,0
CUST-1588,39,Month-to-Month,89.82,2,0.47,0,1
CUST-1589,14,Month-to-Month,129.2,0,0.25,2,1
CUST-1590,31,Month-to-Month,64.11,0,0.4,0,0
CUST-1591,5,One-Year,112.16,0,0.12,1,0
CUST-1592,35,Month-to-Month,149.19,1,0.08,1,0
CUST-1593,23,Two-Year,60.9,2,0.3,0,0
CUST-1594,29,Month-to-Month,107.62,4,-0.48,0,1
CUST-1595,43,Two-Year,129.76,3,0.26,0,1
CUST-1596,11,Two-Year,139.05,3,0.53,0,0
CUST-1597,18,Month-to-Month,113.33,0,0.29,0,1
CUST-1598,47,Month-to-Month,56.87,5,-0.46,0,1
CUST-1599,12,Month-to-Month,62.42,0,-0.08,0,0
CUST-1600,9,Month-to-Month,22.7,3,0.39,0,0
CUST-1601,10,Month-to-Month,118.92,1,0.55,1,1
CUST-1602,44,Month-to-Month,25.56,1,-0.09,0,0
CUST-1603,17,Month-to-Month,132.4,0,0.43,2,1
CUST-1604,38,Two-Year,35.43,1,0.45,0,0
CUST-1605,7,Month-to-Month,42.34,1,-0.36,0,1
CUST-1606,46,Two-Year,81.95,4,0.43,0,0
CUST-1607,13,Month-to-Month,115.92,5,-0.14,1,1
CUST-1608,40,Two-Year,38.07,0,0.15,0,0
CUST-1609,42,One-Year,77.21,2,0.09,2,1
CUST-1610,9,Month-to-Month,82.77,2,0.23,0,1
CUST-1611,27,One-Year,47.6,5,0.31,1,0
CUST-1612,2,Month-to-Month,35.02,0,-0.02,1,0
CUST-1613,5,Month-to-Month,128.73,0,0.48,1,1
CUST-1614,29,Two-Year,85.32,3,0.39,0,0
CUST-1615,37,Month-to-Month,21.87,4,0.36,0,0
CUST-1616,38,Month-to-Month,124.39,2,0.0,0,1
CUST-1617,19,One-Year,147.5,4,-0.46,0,1
CUST-1618,8,Two-Year,98.77,1,0.04,0,0
CUST-1619,45,One-Year,85.48,1,0.49,0,0
CUST-1620,1,Month-to-Month,134.19,1,-0.29,0,1
CUST-1621,22,One-Year,143.83,1,0.58,2,1
CUST-1622,17,Month-to-Month,118.09,1,0.39,0,0
CUST-1623,7,One-Year,77.91,2,0.28,0,0
CUST-1624,25,Two-Year,96.99,0,0.24,0,0
CUST-1625,45,One-Year,111.12,1,0.15,1,1
CUST-1626,4,Two-Year,45.26,1,0.29,0,0
CUST-1627,36,Month-to-Month,78.14,1,-0.04,1,1
CUST-1628,6,One-Year,127.88,2,0.43,0,1
CUST-1629,31,Two-Year,105.11,2,0.27,2,0
CUST-1630,19,Month-to-Month,73.46,4,0.35,0,0
CUST-1631,44,Two-Year,106.24,2,0.37,0,0
CUST-1632,39,Month-to-Month,35.37,5,-0.4,0,1
CUST-1633,27,One-Year,72.19,3,-0.44,1,0
CUST-1634,10,Two-Year,123.11,0,0.38,0,0
CUST-1635,26,One-Year,48.67,0,-0.21,1,0
CUST-1636,19,Month-to-Month,44.17,0,0.14,0,0
CUST-1637,39,One-Year,143.61,5,-0.01,0,0
CUST-1638,3,Month-to-Month,47.29,2,-0.48,0,1
CUST-1639,45,Two-Year,53.92,1,-0.46,0,1
CUST-1640,13,Month-to-Month,146.05,0,0.41,0,1
CUST-1641,28,Month-to-Month,115.51,0,0.17,1,1
CUST-1642,20,One-Year,110.95,1,0.08,3,0
CUST-1643,28,Month-to-Month,130.88,1,0.54,0,1
CUST-1644,8,One-Year,35.06,5,-0.31,1,1
CUST-1645,41,One-Year,111.77,1,-0.22,0,0
CUST-1646,39,Two-Year,85.48,0,0.33,0,1
CUST-1647,1,One-Year,127.79,5,0.35,0,1
CUST-1648,3,Month-to-Month,86.06,1,-0.05,0,0
CUST-1649,13,Month-to-Month,100.63,4,0.55,0,1
CUST-1650,28,Month-to-Month,82.11,1,0.53,0,1
CUST-1651,25,Month-to-Month,82.16,0,-0.49,0,1
CUST-1652,33,Month-to-Month,119.84,2,-0.31,1,1
CUST-1653,38,One-Year,101.71,1,0.4,0,0
CUST-1654,6,One-Year,102.32,3,-0.13,2,1
CUST-1655,44,Month-to-Month,78.54,3,-0.39,1,1
CUST-1656,45,Two-Year,89.04,2,0.36,0,0
CUST-1657,32,Two-Year,116.94,1,0.0,0,0
CUST-1658,45,Two-Year,127.37,1,0.04,0,0
CUST-1659,47,One-Year,110.55,1,-0.29,2,0
CUST-1660,21,Month-to-Month,140.13,4,0.23,3,1
CUST-1661,16,Month-to-Month,126.64,3,0.11,1,1
CUST-1662,21,Month-to-Month,93.04,2,-0.27,0,1
CUST-1663,11,Month-to-Month,107.28,3,-0.13,1,1
CUST-1664,37,Two-Year,140.42,2,0.16,0,1
CUST-1665,36,Two-Year,100.49,1,0.52,0,0
CUST-1666,35,Month-to-Month,127.22,2,0.51,0,0
CUST-1667,19,Month-to-Month,109.55,3,-0.18,1,1
CUST-1668,20,Two-Year,91.75,0,0.31,2,1
CUST-1669,18,Month-to-Month,51.44,1,0.35,0,0
CUST-1670,47,Month-to-Month,75.38,2,0.39,1,0
CUST-1671,41,Two-Year,145.81,1,0.13,1,0
CUST-1672,14,Month-to-Month,105.51,2,-0.49,0,1
CUST-1673,15,Month-to-Month,93.37,2,0.34,0,0
CUST-1674,31,Month-to-Month,141.28,1,-0.38,0,1
CUST-1675,1,Two-Year,96.25,1,-0.37,0,1
CUST-1676,3,One-Year,88.39,0,0.17,0,1
CUST-1677,16,Month-to-Month,118.71,1,0.58,0,0
CUST-1678,23,Month-to-Month,112.65,3,-0.23,1,1
CUST-1679,11,Month-to-Month,45.11,0,0.21,0,0
CUST-1680,12,One-Year,81.27,3,-0.17,0,1
CUST-1681,10,One-Year,81.43,1,0.49,0,0
CUST-1682,32,Month-to-Month,69.17,1,0.15,0,1
CUST-1683,16,Two-Year,87.25,0,-0.27,3,1
CUST-1684,8,Month-to-Month,73.7,4,-0.21,0,1
CUST-1685,38,Month-to-Month,45.91,1,-0.02,0,1
CUST-1686,12,Month-to-Month,73.61,1,-0.37,1,1
CUST-1687,24,Month-to-Month,29.4,1,-0.41,0,1
CUST-1688,28,Month-to-Month,94.85,3,0.25,1,0
CUST-1689,8,Month-to-Month,130.98,4,-0.05,0,1
CUST-1690,28,Month-to-Month,114.29,6,0.3,0,1
CUST-1691,36,One-Year,66.85,1,-0.38,2,1
CUST-1692,26,Month-to-Month,31.32,1,0.17,0,1
CUST-1693,8,One-Year,46.28,6,-0.01,0,1
CUST-1694,28,Two-Year,90.91,2,-0.44,0,1
CUST-1695,28,Month-to-Month,46.92,2,0.1,0,0
CUST-1696,37,Month-to-Month,90.72,1,-0.41,1,0
CUST-1697,41,Month-to-Month,50.11,3,0.41,1,0
CUST-1698,36,Month-to-Month,130.36,3,0.2,0,0
CUST-1699,27,Month-to-Month,71.65,3,0.11,0,1
CUST-1700,17,One-Year,51.92,3,-0.35,1,1
CUST-1701,9,One-Year,125.6,3,-0.18,1,1
CUST-1702,33,Month-to-Month,64.57,1,0.04,0,1
CUST-1703,20,Two-Year,34.49,0,0.2,1,0
CUST-1704,13,Month-to-Month,94.15,0,-0.3,0,0
CUST-1705,28,Two-Year,95.6,1,-0.49,0,0
CUST-1706,29,One-Year,112.91,1,-0.12,3,0
CUST-1707,13,One-Year,51.23,1,0.03,0,0
CUST-1708,46,Month-to-Month,77.69,1,-0.3,0,0
CUST-1709,35,Month-to-Month,56.71,5,0.04,0,1
CUST-1710,6,Two-Year,30.52,3,-0.13,0,0
CUST-1711,18,Month-to-Month,133.96,2,0.0,0,0
CUST-1712,5,Two-Year,114.75,1,-0.12,0,0
CUST-1713,47,Month-to-Month,59.19,1,0.19,0,1
CUST-1714,25,Month-to-Month,97.92,1,-0.45,0,1
CUST-1715,2,Month-to-Month,46.16,3,-0.31,0,1
CUST-1716,10,Month-to-Month,135.73,6,-0.02,0,1
CUST-1717,30,Two-Year,34.94,1,-0.11,0,0
CUST-1718,45,Month-to-Month,20.5,5,-0.07,0,1
CUST-1719,5,Month-to-Month,85.26,0,0.38,0,1
CUST-1720,33,Month-to-Month,95.81,3,0.47,3,0
CUST-1721,1,Month-to-Month,95.27,6,-0.23,0,1
CUST-1722,18,Month-to-Month,27.09,2,0.42,2,1
CUST-1723,32,Month-to-Month,60.83,3,0.0,0,1
CUST-1724,47,Two-Year,84.9,2,-0.2,1,1
CUST-1725,11,Month-to-Month,48.16,1,0.58,0,1
CUST-1726,21,Month-to-Month,133.44,0,0.41,1,0
CUST-1727,26,Month-to-Month,31.32,1,0.59,0,0
CUST-1728,25,Month-to-Month,83.36,1,-0.31,2,1
CUST-1729,22,Two-Year,109.88,4,-0.34,0,1
CUST-1730,27,Month-to-Month,54.03,1,0.05,1,0
CUST-1731,13,Month-to-Month,101.15,3,0.2,1,1
CUST-1732,33,One-Year,127.82,2,-0.31,0,1
CUST-1733,34,Month-to-Month,44.74,1,0.45,0,0
CUST-1734,41,Month-to-Month,139.24,2,0.09,0,0
CUST-1735,35,Two-Year,91.96,1,-0.05,1,0
CUST-1736,1,One-Year,58.9,0,0.16,0,0
CUST-1737,21,Two-Year,76.01,1,0.2,0,0
CUST-1738,6,Month-to-Month,60.58,3,-0.45,0,1
CUST-1739,28,Month-to-Month,114.26,2,0.6,0,0
CUST-1740,17,Month-to-Month,123.52,0,-0.1,0,1
CUST-1741,5,Month-to-Month,128.28,2,-0.43,0,1
CUST-1742,31,Two-Year,148.15,2,0.44,0,0
CUST-1743,5,Month-to-Month,122.87,2,0.59,0,1
CUST-1744,38,Two-Year,98.18,0,0.4,0,0
CUST-1745,3,One-Year,64.1,1,0.44,0,0
CUST-1746,23,Month-to-Month,90.8,3,0.19,0,0
CUST-1747,37,Month-to-Month,25.34,1,0.51,0,0
CUST-1748,37,One-Year,116.83,0,-0.46,0,0
CUST-1749,10,Month-to-Month,77.97,2,0.34,3,1
CUST-1750,10,Two-Year,22.6,2,0.24,0,0
CUST-1751,19,Month-to-Month,28.13,0,-0.45,0,1
CUST-1752,17,Month-to-Month,70.37,2,0.1,0,1
CUST-1753,21,One-Year,95.84,1,0.07,0,0
CUST-1754,14,Two-Year,80.35,0,0.26,0,0
CUST-1755,9,Month-to-Month,100.5,2,-0.41,1,1
CUST-1756,46,Two-Year,82.44,0,0.39,0,0
CUST-1757,1,Month-to-Month,106.02,2,-0.35,0,0
CUST-1758,45,One-Year,48.49,2,-0.04,0,0
CUST-1759,13,One-Year,34.67,1,0.47,1,0
CUST-1760,4,Month-to-Month,97.54,3,0.12,0,1
CUST-1761,1,Month-to-Month,83.01,1,-0.08,0,1
CUST-1762,40,One-Year,23.49,3,-0.45,0,0
CUST-1763,32,Month-to-Month,69.46,1,0.24,0,1
CUST-1764,34,One-Year,33.8,2,0.59,1,0
CUST-1765,28,Month-to-Month,89.08,3,0.5,0,1
CUST-1766,31,Two-Year,71.45,2,0.29,0,0
CUST-1767,8,One-Year,99.71,0,-0.38,0,1
CUST-1768,39,Two-Year,124.73,0,-0.24,0,0
CUST-1769,26,Month-to-Month,58.96,1,-0.29,0,0
CUST-1770,34,One-Year,145.07,2,-0.11,1,1
CUST-1771,3,One-Year,89.63,2,-0.24,0,1
CUST-1772,12,Month-to-Month,100.38,4,-0.23,0,1
CUST-1773,1,Month-to-Month,108.49,0,0.18,0,1
CUST-1774,44,Month-to-Month,106.68,1,-0.15,1,1
CUST-1775,5,One-Year,86.43,5,0.24,0,1
CUST-1776,30,Month-to-Month,75.74,3,0.54,2,1
CUST-1777,30,Month-to-Month,26.99,1,0.2,0,1
CUST-1778,17,One-Year,22.87,2,0.33,0,0
CUST-1779,47,Month-to-Month,66.53,2,0.33,0,0
CUST-1780,23,Month-to-Month,63.38,5,-0.14,0,1
CUST-1781,15,Two-Year,70.4,0,-0.48,0,1
CUST-1782,37,Two-Year,37.99,0,-0.44,0,0
CUST-1783,21,Month-to-Month,115.96,2,-0.19,0,0
CUST-1784,14,Month-to-Month,131.41,1,0.26,0,0
CUST-1785,2,One-Year,142.03,2,0.5,0,1
CUST-1786,11,Month-to-Month,84.01,1,0.55,0,1
CUST-1787,39,Month-to-Month,111.11,2,-0.47,1,1
CUST-1788,38,Month-to-Month,131.22,0,0.59,0,0
CUST-1789,34,Month-to-Month,74.38,1,-0.15,1,1
CUST-1790,38,One-Year,60.22,3,0.43,0,0
CUST-1791,34,Month-to-Month,141.77,0,-0.3,0,1
CUST-1792,18,One-Year,87.04,0,-0.43,3,1
CUST-1793,30,Two-Year,84.64,1,-0.08,0,0
CUST-1794,15,Month-to-Month,43.19,0,0.44,0,1
CUST-1795,27,One-Year,34.06,1,-0.26,0,0
CUST-1796,34,Two-Year,129.47,1,-0.33,0,0
CUST-1797,38,Month-to-Month,99.84,3,0.5,0,1
CUST-1798,33,Month-to-Month,62.36,5,0.53,1,0
CUST-1799,24,One-Year,44.93,3,-0.49,0,1
CUST-1800,15,One-Year,92.21,2,0.3,0,1
CUST-1801,30,Two-Year,95.91,1,-0.16,1,1
CUST-1802,42,Month-to-Month,46.91,1,-0.09,0,0
CUST-1803,17,Two-Year,130.68,4,0.02,0,1
CUST-1804,5,Month-to-Month,30.95,2,-0.03,0,1
CUST-1805,29,Month-to-Month,66.29,3,0.07,0,0
CUST-1806,4,One-Year,108.45,1,0.14,1,1
CUST-1807,10,Month-to-Month,55.64,1,0.01,0,0
CUST-1808,17,Month-to-Month,127.6,2,0.27,0,0
CUST-1809,10,Month-to-Month,116.18,1,0.29,0,0
CUST-1810,17,Month-to-Month,122.57,2,-0.02,1,1
CUST-1811,20,Month-to-Month,35.48,5,-0.34,0,1
CUST-1812,24,Two-Year,38.27,1,0.2,1,0
CUST-1813,5,Month-to-Month,57.24,3,0.35,1,1
CUST-1814,34,One-Year,87.35,1,0.2,0,0
CUST-1815,6,One-Year,117.24,3,0.15,0,1
CUST-1816,2,Two-Year,128.75,2,-0.25,0,1
CUST-1817,13,Month-to-Month,111.56,2,0.21,0,1
CUST-1818,43,Two-Year,140.72,4,-0.13,1,1
CUST-1819,43,Month-to-Month,116.04,3,0.51,0,1
CUST-1820,11,One-Year,59.81,0,0.22,0,0
CUST-1821,47,One-Year,54.46,3,-0.19,0,0
CUST-1822,23,Two-Year,110.51,0,0.02,1,1
CUST-1823,16,Month-to-Month,45.07,0,0.43,0,1
CUST-1824,31,One-Year,32.05,2,-0.13,0,0
CUST-1825,11,Month-to-Month,89.19,2,0.08,0,1
CUST-1826,16,One-Year,126.81,0,0.25,0,1
CUST-1827,8,Two-Year,33.18,0,0.33,0,0
CUST-1828,4,Month-to-Month,122.95,5,-0.31,0,1
CUST-1829,40,Two-Year,125.5,3,0.12,0,0
CUST-1830,4,Month-to-Month,82.7,2,0.5,0,1
CUST-1831,25,Month-to-Month,27.45,1,0.57,2,0
CUST-1832,3,Month-to-Month,42.7,3,0.22,0,0
CUST-1833,32,Month-to-Month,111.97,0,0.58,0,0
CUST-1834,3,One-Year,112.53,0,0.13,0,1
CUST-1835,27,Month-to-Month,136.79,1,-0.01,0,1
CUST-1836,29,Month-to-Month,95.75,1,0.11,0,0
CUST-1837,32,Two-Year,36.13,2,-0.37,3,0
CUST-1838,19,Two-Year,35.78,3,-0.06,0,0
CUST-1839,21,Two-Year,113.75,2,0.0,0,1
CUST-1840,5,Two-Year,43.89,3,0.43,0,0
CUST-1841,18,One-Year,62.69,3,0.33,0,0
CUST-1842,28,Month-to-Month,83.34,3,0.16,0,0
CUST-1843,42,Month-to-Month,23.22,3,-0.12,2,1
CUST-1844,22,One-Year,52.35,4,-0.29,0,1
CUST-1845,21,Month-to-Month,73.03,3,-0.12,0,1
CUST-1846,6,One-Year,56.35,2,0.25,2,1
CUST-1847,1,Month-to-Month,37.73,0,-0.21,0,0
CUST-1848,5,Month-to-Month,114.64,4,-0.03,0,0
CUST-1849,41,Month-to-Month,125.71,5,-0.07,0,1
CUST-1850,12,One-Year,53.47,4,0.34,0,1
CUST-1851,26,One-Year,120.67,1,0.47,0,0
CUST-1852,46,One-Year,70.12,0,0.27,1,0
CUST-1853,34,Month-to-Month,85.87,2,-0.12,1,1
CUST-1854,14,Month-to-Month,131.28,4,-0.02,0,1
CUST-1855,26,Two-Year,117.49,1,-0.34,0,1
CUST-1856,45,One-Year,124.67,0,-0.32,1,1
CUST-1857,27,Month-to-Month,37.79,1,-0.32,0,1
CUST-1858,9,Two-Year,29.06,3,-0.36,0,1
CUST-1859,26,Month-to-Month,136.14,2,-0.3,0,1
CUST-1860,47,Month-to-Month,70.42,1,-0.28,0,1
CUST-1861,22,Month-to-Month,57.42,2,-0.38,2,1
CUST-1862,47,One-Year,114.21,2,0.2,0,0
CUST-1863,30,One-Year,128.73,2,0.59,0,0
CUST-1864,43,Month-to-Month,132.12,6,0.47,0,1
CUST-1865,17,Two-Year,61.08,3,-0.45,0,1
CUST-1866,26,Month-to-Month,130.79,4,-0.03,0,1
CUST-1867,36,Month-to-Month,25.32,3,0.45,0,0
CUST-1868,1,Month-to-Month,26.46,1,-0.35,1,1
CUST-1869,8,Month-to-Month,101.06,2,0.43,0,0
CUST-1870,35,Month-to-Month,28.2,2,0.15,2,1
CUST-1871,15,One-Year,62.2,3,0.52,0,0
CUST-1872,47,Two-Year,107.46,1,0.46,0,0
CUST-1873,22,Month-to-Month,63.84,1,0.24,0,0
CUST-1874,14,Month-to-Month,43.35,1,0.22,1,1
CUST-1875,26,Month-to-Month,56.58,2,-0.27,0,0
CUST-1876,28,Month-to-Month,79.48,1,-0.37,0,1
CUST-1877,23,Month-to-Month,81.8,2,-0.04,0,1
CUST-1878,14,One-Year,121.79,1,-0.29,0,1
CUST-1879,24,Month-to-Month,117.52,0,-0.39,0,1
CUST-1880,2,One-Year,79.39,3,-0.17,0,0
CUST-1881,45,Two-Year,129.94,2,0.45,0,0
CUST-1882,26,Month-to-Month,34.85,0,-0.48,0,0
CUST-1883,14,Two-Year,53.2,1,-0.18,0,0
CUST-1884,7,One-Year,127.64,1,-0.03,0,1
CUST-1885,3,One-Year,69.14,2,0.06,0,0
CUST-1886,47,Month-to-Month,147.55,3,-0.3,0,0
CUST-1887,23,Month-to-Month,80.61,3,0.56,0,0
CUST-1888,46,Month-to-Month,122.95,2,0.14,0,1
CUST-1889,43,Month-to-Month,72.3,3,0.07,0,1
CUST-1890,47,Month-to-Month,75.24,3,-0.49,0,1
CUST-1891,45,One-Year,69.77,3,0.03,0,0
CUST-1892,18,Month-to-Month,113.48,2,0.42,0,0
CUST-1893,38,Two-Year,91.18,2,-0.26,0,0
CUST-1894,35,One-Year,142.69,1,-0.11,0,1
CUST-1895,15,Month-to-Month,52.62,3,-0.48,0,1
CUST-1896,25,Month-to-Month,33.07,2,0.57,0,0
CUST-1897,37,Two-Year,71.12,2,-0.43,0,0
CUST-1898,28,Two-Year,100.17,1,0.49,0,0
CUST-1899,10,One-Year,131.9,0,-0.16,0,1
CUST-1900,39,Month-to-Month,65.01,2,0.15,1,1
CUST-1901,17,Month-to-Month,104.99,1,0.25,0,0
CUST-1902,39,Month-to-Month,65.53,2,-0.35,3,1
CUST-1903,22,Month-to-Month,100.24,1,-0.01,0,1
CUST-1904,26,One-Year,135.03,2,-0.14,1,1
CUST-1905,44,One-Year,50.08,1,-0.44,0,0
CUST-1906,25,One-Year,72.55,1,0.42,0,0
CUST-1907,17,Two-Year,149.12,3,-0.45,0,0
CUST-1908,13,One-Year,132.91,2,0.22,0,0
CUST-1909,20,Month-to-Month,93.4,3,-0.15,1,1
CUST-1910,25,Month-to-Month,87.16,2,-0.29,0,1
CUST-1911,4,Two-Year,57.0,1,0.23,0,0
CUST-1912,10,Month-to-Month,87.24,4,0.13,0,1
CUST-1913,3,Two-Year,130.26,1,-0.15,0,1
CUST-1914,41,Two-Year,109.07,2,0.06,2,1
CUST-1915,45,Month-to-Month,57.71,3,-0.23,0,1
CUST-1916,18,One-Year,46.19,7,0.45,0,1
CUST-1917,47,Two-Year,54.48,3,-0.15,0,0
CUST-1918,36,One-Year,42.07,3,-0.23,0,0
CUST-1919,47,Two-Year,32.43,2,0.33,1,0
CUST-1920,22,Two-Year,74.49,1,-0.48,2,1
CUST-1921,34,Month-to-Month,34.73,0,-0.21,0,1
CUST-1922,47,Month-to-Month,42.35,2,-0.09,0,0
CUST-1923,8,Two-Year,91.15,0,0.47,2,1
CUST-1924,40,One-Year,41.4,1,0.55,0,0
CUST-1925,44,Month-to-Month,28.3,3,0.29,0,0
CUST-1926,19,Month-to-Month,61.26,2,0.04,0,1
CUST-1927,42,One-Year,48.64,5,0.2,0,0
CUST-1928,41,Two-Year,86.99,1,-0.04,0,0
CUST-1929,37,Two-Year,33.31,3,-0.17,2,0
CUST-1930,6,One-Year,117.73,2,0.55,0,0
CUST-1931,26,Month-to-Month,137.81,2,-0.37,0,1
CUST-1932,34,Month-to-Month,116.65,2,-0.12,0,0
CUST-1933,45,Two-Year,89.27,2,0.49,0,0
CUST-1934,6,Month-to-Month,131.89,2,0.3,0,1
CUST-1935,37,Month-to-Month,110.34,3,-0.47,0,1
CUST-1936,33,Month-to-Month,21.37,1,-0.47,0,1
CUST-1937,22,One-Year,71.23,2,0.07,0,0
CUST-1938,21,Two-Year,130.62,2,0.03,0,1
CUST-1939,6,Month-to-Month,64.96,3,-0.01,0,1
CUST-1940,6,Month-to-Month,24.58,1,-0.17,0,1
CUST-1941,4,One-Year,117.0,1,0.59,0,0
CUST-1942,30,Two-Year,124.26,0,-0.2,2,0
CUST-1943,11,Month-to-Month,40.88,2,0.04,0,1
CUST-1944,30,Month-to-Month,89.85,0,-0.05,0,0
CUST-1945,31,Month-to-Month,44.95,2,-0.31,0,0
CUST-1946,24,Two-Year,113.5,3,-0.28,0,1
CUST-1947,9,Month-to-Month,55.3,0,0.51,0,0
CUST-1948,3,Month-to-Month,61.11,3,0.44,1,1
CUST-1949,31,One-Year,129.85,1,-0.28,0,1
CUST-1950,40,One-Year,81.92,0,0.46,0,0
CUST-1951,37,Month-to-Month,107.07,2,-0.27,2,1
CUST-1952,36,Two-Year,72.31,1,0.19,0,0
CUST-1953,24,Month-to-Month,58.74,3,-0.41,0,1
CUST-1954,31,One-Year,101.31,0,0.47,0,0
CUST-1955,6,Month-to-Month,40.13,2,-0.44,1,1
CUST-1956,2,One-Year,68.49,2,0.11,0,1
CUST-1957,20,Month-to-Month,47.17,1,0.36,0,0
CUST-1958,28,Two-Year,110.45,2,-0.37,0,1
CUST-1959,11,One-Year,142.75,1,-0.06,0,1
CUST-1960,4,One-Year,149.42,1,-0.45,0,1
CUST-1961,15,One-Year,78.54,0,0.25,0,0
CUST-1962,6,One-Year,52.83,1,-0.16,0,0
CUST-1963,30,Month-to-Month,77.57,1,0.12,0,0
CUST-1964,38,Month-to-Month,130.15,1,0.53,2,0
CUST-1965,2,Two-Year,46.78,0,-0.16,0,1
CUST-1966,15,Month-to-Month,143.77,3,-0.45,0,1
CUST-1967,11,One-Year,64.44,0,0.24,0,0
CUST-1968,8,Two-Year,148.15,1,0.37,0,0
CUST-1969,26,Month-to-Month,129.02,1,0.55,0,0
CUST-1970,45,One-Year,125.11,2,-0.33,0,0
CUST-1971,44,Month-to-Month,61.33,3,-0.07,0,1
CUST-1972,5,One-Year,21.14,2,0.43,0,0
CUST-1973,6,Month-to-Month,69.68,3,0.39,0,0
CUST-1974,26,Month-to-Month,59.24,1,0.19,0,0
CUST-1975,4,One-Year,24.86,0,-0.2,0,0
CUST-1976,19,Two-Year,85.7,2,-0.19,0,1
CUST-1977,20,One-Year,72.39,0,-0.36,0,0
CUST-1978,33,Month-to-Month,102.49,1,0.51,1,1
CUST-1979,20,Month-to-Month,100.75,2,-0.31,1,1
CUST-1980,12,One-Year,35.7,0,0.13,0,0
CUST-1981,47,Month-to-Month,147.01,3,0.14,0,1
CUST-1982,1,Two-Year,44.3,1,-0.09,0,0
CUST-1983,26,Two-Year,77.89,4,-0.11,0,0
CUST-1984,14,One-Year,83.46,2,0.24,2,1
CUST-1985,38,Two-Year,125.7,1,-0.07,0,1
CUST-1986,37,Month-to-Month,32.9,2,-0.22,0,0
CUST-1987,11,One-Year,75.72,3,-0.06,1,0
CUST-1988,36,Month-to-Month,101.71,1,0.39,0,0
CUST-1989,13,Two-Year,47.97,2,0.56,0,0
CUST-1990,43,Month-to-Month,101.57,0,0.2,0,0
CUST-1991,3,One-Year,140.08,3,0.36,0,1
CUST-1992,33,Two-Year,149.68,0,0.09,0,0
CUST-1993,6,Month-to-Month,24.22,1,0.19,1,0
CUST-1994,10,Month-to-Month,50.63,0,0.59,0,0
CUST-1995,5,One-Year,60.34,0,-0.02,0,0
CUST-1996,23,Month-to-Month,71.89,2,-0.43,1,1
CUST-1997,10,Month-to-Month,51.49,2,0.55,0,0
CUST-1998,44,Month-to-Month,46.45,3,0.37,0,0
CUST-1999,2,Month-to-Month,144.09,0,-0.06,0,1
CUST-2000,13,Two-Year,139.41,2,0.58,0,0
CUST-2001,40,One-Year,26.11,4,-0.12,0,0
CUST-2002,2,Month-to-Month,64.05,0,-0.09,1,1
CUST-2003,20,Month-to-Month,72.67,0,0.17,0,0
CUST-2004,1,Month-to-Month,51.07,1,-0.2,0,1
CUST-2005,37,Month-to-Month,101.75,1,0.27,0,0
CUST-2006,9,Month-to-Month,103.25,2,-0.33,2,1
CUST-2007,17,Month-to-Month,130.57,1,-0.38,0,1
CUST-2008,9,Month-to-Month,116.31,1,0.09,2,1
CUST-2009,11,One-Year,90.53,1,0.11,0,0
CUST-2010,15,Month-to-Month,104.97,3,-0.38,1,1
CUST-2011,24,One-Year,55.62,2,0.56,1,0
CUST-2012,38,One-Year,97.1,3,0.13,0,0
CUST-2013,35,One-Year,83.6,1,-0.33,0,0
CUST-2014,30,One-Year,37.33,0,-0.16,0,0
CUST-2015,31,Month-to-Month,51.53,3,0.38,0,0
CUST-2016,5,Two-Year,57.92,0,0.08,0,0
CUST-2017,44,One-Year,140.16,1,-0.29,0,0
CUST-2018,14,Month-to-Month,49.95,1,-0.39,0,1
CUST-2019,11,Two-Year,57.6,0,-0.03,0,1
CUST-2020,9,One-Year,68.02,1,-0.13,0,0
CUST-2021,34,Month-to-Month,106.29,2,0.22,0,1
CUST-2022,12,Month-to-Month,35.37,2,0.52,0,0
CUST-2023,35,Month-to-Month,144.01,2,-0.23,0,0
CUST-2024,35,Two-Year,132.52,1,0.44,0,0
CUST-2025,1,One-Year,95.04,4,0.51,0,1
CUST-2026,40,Two-Year,107.62,2,0.49,0,1
CUST-2027,22,One-Year,22.17,3,0.55,0,0
CUST-2028,29,Month-to-Month,64.06,1,0.43,1,1
CUST-2029,8,Month-to-Month,123.44,1,0.15,0,0
CUST-2030,11,One-Year,30.07,2,-0.05,0,0
CUST-2031,41,One-Year,56.7,1,0.04,0,0
CUST-2032,37,Two-Year,96.09,2,0.46,0,0
CUST-2033,14,Month-to-Month,53.33,0,-0.17,0,0
CUST-2034,30,Month-to-Month,141.42,0,-0.32,0,1
CUST-2035,35,One-Year,37.04,1,-0.35,0,0
CUST-2036,21,One-Year,123.66,3,0.41,0,1
CUST-2037,37,One-Year,86.03,1,0.34,0,0
CUST-2038,5,One-Year,117.54,2,0.05,0,1
CUST-2039,19,Month-to-Month,60.39,1,-0.2,0,1
CUST-2040,14,One-Year,86.88,0,0.25,1,0
CUST-2041,26,One-Year,131.39,2,-0.46,0,1
CUST-2042,4,Two-Year,80.69,2,0.13,0,1
CUST-2043,25,Two-Year,66.76,2,-0.06,0,0
CUST-2044,45,Month-to-Month,89.7,1,0.58,1,0
CUST-2045,42,Month-to-Month,113.26,2,0.06,0,1
CUST-2046,25,Two-Year,77.66,4,0.11,0,0
CUST-2047,18,Month-to-Month,142.05,0,0.28,0,1
CUST-2048,40,Two-Year,58.34,2,0.03,3,1
CUST-2049,8,Month-to-Month,81.81,3,-0.25,0,1
CUST-2050,39,One-Year,118.4,2,0.09,0,0
CUST-2051,40,Two-Year,109.59,4,0.54,1,0
CUST-2052,14,Two-Year,132.27,4,-0.05,0,0
CUST-2053,32,Month-to-Month,149.59,2,0.25,0,1
CUST-2054,38,One-Year,75.49,1,0.58,0,0
CUST-2055,33,Month-to-Month,34.45,1,0.41,0,0
CUST-2056,23,Month-to-Month,23.95,3,0.22,0,0
CUST-2057,15,One-Year,114.49,3,0.31,2,1
CUST-2058,33,One-Year,133.62,6,0.53,0,0
CUST-2059,25,Two-Year,48.69,2,0.56,0,0
CUST-2060,17,Month-to-Month,40.6,1,0.57,0,0
CUST-2061,33,Month-to-Month,28.09,0,0.19,0,0
CUST-2062,47,Month-to-Month,126.95,2,-0.08,0,1
CUST-2063,2,Month-to-Month,60.48,3,-0.35,0,1
CUST-2064,14,Month-to-Month,72.22,2,-0.08,0,1
CUST-2065,40,One-Year,85.36,2,0.54,0,0
CUST-2066,40,Month-to-Month,129.13,2,0.48,0,0
CUST-2067,39,Two-Year,104.61,1,0.08,0,0
CUST-2068,6,Two-Year,99.96,3,0.09,3,1
CUST-2069,6,One-Year,42.84,0,-0.16,0,0
CUST-2070,3,Two-Year,86.71,1,-0.0,0,1
CUST-2071,7,One-Year,113.0,2,0.29,0,1
CUST-2072,8,Month-to-Month,146.52,2,-0.06,0,1
CUST-2073,42,Month-to-Month,46.18,0,-0.29,0,0
CUST-2074,15,Month-to-Month,21.24,1,0.09,0,0
CUST-2075,47,One-Year,29.79,1,-0.25,0,0
CUST-2076,29,Two-Year,68.86,6,0.57,0,1
CUST-2077,33,Month-to-Month,126.67,0,-0.07,1,1
CUST-2078,30,Two-Year,20.93,1,0.5,0,0
CUST-2079,39,One-Year,79.37,1,-0.25,0,0
CUST-2080,27,Month-to-Month,62.8,1,-0.29,0,1
CUST-2081,36,Two-Year,26.82,1,0.18,0,0
CUST-2082,29,Month-to-Month,78.53,2,0.36,0,0
CUST-2083,38,Month-to-Month,53.12,2,0.12,0,1
CUST-2084,33,One-Year,65.75,0,-0.25,0,0
CUST-2085,37,Month-to-Month,111.73,2,-0.46,0,1
CUST-2086,27,One-Year,87.8,0,0.18,1,0
CUST-2087,33,Month-to-Month,36.2,1,-0.36,0,0
CUST-2088,4,Month-to-Month,144.98,3,-0.12,1,1
CUST-2089,22,Two-Year,102.67,3,0.24,0,0
CUST-2090,2,Month-to-Month,119.56,2,-0.39,0,1
CUST-2091,10,Month-to-Month,30.3,3,-0.36,2,1
CUST-2092,5,Month-to-Month,26.12,5,-0.43,0,1
CUST-2093,10,Two-Year,22.53,3,0.6,0,0
CUST-2094,33,Month-to-Month,44.54,0,-0.07,0,0
CUST-2095,38,Month-to-Month,73.87,0,0.5,0,0
CUST-2096,13,Month-to-Month,141.66,2,-0.18,0,1
CUST-2097,31,Month-to-Month,79.42,3,0.33,0,1
CUST-2098,47,Two-Year,57.73,1,-0.26,0,0
CUST-2099,36,One-Year,93.05,2,0.05,0,0
CUST-2100,45,Month-to-Month,34.55,2,0.41,0,1
CUST-2101,24,One-Year,99.24,3,0.4,0,0
CUST-2102,15,Month-to-Month,93.9,0,0.37,0,0
CUST-2103,29,Two-Year,122.96,1,0.41,1,0
CUST-2104,8,Two-Year,148.27,1,-0.27,1,1
CUST-2105,5,Month-to-Month,52.61,1,0.03,2,1
CUST-2106,29,Two-Year,86.26,0,0.03,0,0
CUST-2107,47,One-Year,138.15,2,0.48,0,0
CUST-2108,4,Month-to-Month,122.07,0,-0.17,0,1
CUST-2109,12,Month-to-Month,83.36,0,0.52,0,1
CUST-2110,45,Month-to-Month,142.9,2,-0.0,0,0
CUST-2111,2,One-Year,27.44,4,0.24,0,0
CUST-2112,27,Two-Year,141.03,0,-0.2,0,0
CUST-2113,31,One-Year,26.57,3,-0.05,0,0
CUST-2114,36,Two-Year,91.15,1,0.28,0,0
CUST-2115,36,One-Year,135.76,1,0.06,0,1
CUST-2116,26,Two-Year,54.15,1,0.52,0,0
CUST-2117,43,One-Year,81.39,2,0.31,0,0
CUST-2118,27,Month-to-Month,62.16,0,0.12,0,0
CUST-2119,5,One-Year,143.78,3,0.48,0,0
CUST-2120,20,Two-Year,127.07,1,0.23,0,0
CUST-2121,11,Month-to-Month,112.17,6,0.21,0,1
CUST-2122,10,Two-Year,96.39,2,-0.23,0,0
CUST-2123,40,Month-to-Month,126.68,0,-0.07,0,1
CUST-2124,38,Month-to-Month,70.99,2,0.25,0,1
CUST-2125,6,Two-Year,78.18,1,0.48,0,0
CUST-2126,8,Month-to-Month,114.9,0,-0.15,0,1
CUST-2127,23,Month-to-Month,66.51,2,-0.26,0,0
CUST-2128,47,Month-to-Month,28.31,5,0.15,0,1
CUST-2129,26,Two-Year,29.66,1,-0.43,0,0
CUST-2130,46,Month-to-Month,35.0,1,0.29,0,0
CUST-2131,43,Two-Year,133.06,0,0.27,0,1
CUST-2132,12,Month-to-Month,81.39,6,-0.11,0,1
CUST-2133,26,Two-Year,112.67,1,0.48,0,0
CUST-2134,13,Two-Year,71.08,1,0.05,0,1
CUST-2135,40,Month-to-Month,53.63,5,0.21,1,1
CUST-2136,18,Month-to-Month,65.13,0,-0.27,1,1
CUST-2137,25,Month-to-Month,123.24,2,-0.04,0,1
CUST-2138,33,One-Year,101.28,2,0.45,0,0
CUST-2139,47,Month-to-Month,141.89,1,-0.27,0,1
CUST-2140,40,Month-to-Month,108.36,3,-0.07,0,1
CUST-2141,43,Month-to-Month,94.12,3,-0.15,0,1
CUST-2142,12,Month-to-Month,99.33,2,-0.33,0,0
CUST-2143,44,Month-to-Month,142.51,1,-0.18,0,0
CUST-2144,36,One-Year,122.47,1,-0.24,0,0
CUST-2145,4,Two-Year,23.13,6,0.52,0,0
CUST-2146,5,Month-to-Month,89.44,3,0.32,0,1
CUST-2147,37,One-Year,109.48,2,-0.15,0,1
CUST-2148,8,Month-to-Month,117.33,4,0.34,0,1
CUST-2149,42,Two-Year,47.71,0,-0.48,0,0
CUST-2150,28,Two-Year,132.73,0,0.08,0,0
CUST-2151,31,Two-Year,144.26,2,-0.22,1,0
CUST-2152,9,Two-Year,50.77,2,-0.37,0,0
CUST-2153,29,Month-to-Month,134.74,2,0.47,1,1
CUST-2154,14,Two-Year,32.61,0,-0.28,0,0
CUST-2155,40,One-Year,27.24,2,0.4,0,1
CUST-2156,41,Month-to-Month,36.8,4,-0.05,0,0
CUST-2157,22,Two-Year,27.51,5,-0.48,0,1
CUST-2158,11,Month-to-Month,129.85,1,0.31,0,0
CUST-2159,23,One-Year,27.68,2,0.16,0,0
CUST-2160,1,Month-to-Month,55.32,0,-0.12,0,1
CUST-2161,46,Month-to-Month,33.49,1,-0.19,0,1
CUST-2162,37,One-Year,58.4,0,-0.42,0,0
CUST-2163,21,One-Year,31.77,1,0.54,0,0
CUST-2164,26,Month-to-Month,106.84,4,0.04,1,1
CUST-2165,46,Month-to-Month,37.33,2,-0.41,0,0
CUST-2166,36,Two-Year,130.74,3,0.46,1,1
CUST-2167,23,Month-to-Month,126.23,4,-0.19,0,1
CUST-2168,1,Month-to-Month,21.78,2,-0.28,0,0
CUST-2169,40,Two-Year,136.44,1,-0.19,0,1
CUST-2170,15,Two-Year,23.76,2,0.12,0,0
CUST-2171,21,Month-to-Month,51.15,4,-0.42,0,1
CUST-2172,47,One-Year,24.21,2,0.03,0,0
CUST-2173,9,Two-Year,63.66,3,0.49,0,0
CUST-2174,9,Two-Year,86.8,1,-0.29,0,0
CUST-2175,10,Month-to-Month,123.56,2,-0.14,0,1
CUST-2176,26,Month-to-Month,63.94,0,-0.06,0,1
CUST-2177,41,Month-to-Month,111.71,5,0.14,0,1
CUST-2178,35,Month-to-Month,44.38,2,0.51,0,0
CUST-2179,25,One-Year,117.58,2,-0.07,0,0
CUST-2180,26,Month-to-Month,50.68,5,-0.42,3,1
CUST-2181,11,One-Year,38.66,0,-0.12,0,1
CUST-2182,38,Month-to-Month,44.1,3,-0.29,0,0
CUST-2183,2,Month-to-Month,43.67,0,0.22,0,0
CUST-2184,7,Two-Year,86.67,2,-0.47,0,0
CUST-2185,18,Month-to-Month,129.82,5,-0.18,0,1
CUST-2186,27,Month-to-Month,30.35,0,0.1,0,0
CUST-2187,34,Two-Year,111.9,0,-0.19,1,1
CUST-2188,27,Month-to-Month,105.07,2,0.11,0,1
CUST-2189,17,One-Year,133.43,1,-0.37,0,1
CUST-2190,43,One-Year,51.74,5,0.54,0,0
CUST-2191,44,Month-to-Month,78.51,3,-0.18,0,1
CUST-2192,24,Two-Year,140.36,1,0.52,0,0
CUST-2193,25,Month-to-Month,105.8,2,-0.14,0,1
CUST-2194,7,Month-to-Month,70.54,0,0.36,0,1
CUST-2195,6,Month-to-Month,37.08,1,-0.23,0,1
CUST-2196,24,Month-to-Month,54.12,5,0.24,0,1
CUST-2197,33,Two-Year,95.56,0,-0.14,3,1
CUST-2198,29,Month-to-Month,113.36,1,0.06,0,1
CUST-2199,43,Month-to-Month,36.17,4,0.24,0,1
CUST-2200,22,Month-to-Month,97.95,3,0.15,0,1
CUST-2201,26,One-Year,91.55,5,0.13,0,1
CUST-2202,28,Month-to-Month,86.81,0,-0.43,1,1
CUST-2203,21,Month-to-Month,109.72,1,-0.23,0,0
CUST-2204,7,One-Year,128.87,3,0.13,0,1
CUST-2205,17,Month-to-Month,61.99,1,-0.48,0,1
CUST-2206,20,Month-to-Month,135.57,3,-0.22,0,1
CUST-2207,41,Month-to-Month,40.88,0,-0.25,0,0
CUST-2208,20,Month-to-Month,42.49,1,-0.23,0,0
CUST-2209,22,Two-Year,54.68,0,0.09,1,0
CUST-2210,28,Month-to-Month,35.54,2,0.14,0,1
CUST-2211,40,Month-to-Month,49.94,4,0.5,0,0
CUST-2212,7,Month-to-Month,33.83,1,-0.08,1,1
CUST-2213,1,One-Year,126.83,2,0.52,3,1
CUST-2214,32,One-Year,38.07,1,0.22,0,0
CUST-2215,13,Month-to-Month,117.15,1,0.5,1,0
CUST-2216,30,One-Year,26.23,3,0.42,1,0
CUST-2217,23,One-Year,143.31,1,0.26,0,1
CUST-2218,19,Two-Year,112.45,0,-0.11,2,1
CUST-2219,32,Two-Year,20.88,1,-0.23,0,0
CUST-2220,30,Month-to-Month,119.3,4,-0.26,0,1
CUST-2221,29,Month-to-Month,86.83,3,0.55,1,0
CUST-2222,45,Month-to-Month,121.32,1,0.55,0,0
CUST-2223,29,Month-to-Month,87.92,1,0.3,0,1
CUST-2224,30,Two-Year,103.33,2,0.47,0,1
CUST-2225,16,Month-to-Month,122.22,0,0.51,1,1
CUST-2226,40,Month-to-Month,72.66,1,0.06,0,0
CUST-2227,19,One-Year,20.35,4,0.19,0,1
CUST-2228,18,Month-to-Month,130.49,1,-0.04,0,0
CUST-2229,1,Month-to-Month,69.52,3,-0.04,0,1
CUST-2230,14,Month-to-Month,84.49,5,-0.46,0,1
CUST-2231,47,Month-to-Month,21.01,2,-0.02,0,0
CUST-2232,2,One-Year,83.97,1,0.24,0,1
CUST-2233,28,Month-to-Month,148.24,1,-0.04,1,1
CUST-2234,30,Month-to-Month,56.17,0,0.46,0,0
CUST-2235,38,Month-to-Month,71.4,3,-0.13,2,1
CUST-2236,4,Month-to-Month,109.33,1,-0.35,0,1
CUST-2237,1,One-Year,125.92,2,0.39,3,1
CUST-2238,8,Month-to-Month,74.26,2,0.24,0,0
CUST-2239,29,Month-to-Month,60.26,1,-0.23,0,1
CUST-2240,39,Two-Year,141.92,3,0.09,0,0
CUST-2241,3,One-Year,108.03,2,-0.06,0,1
CUST-2242,32,Month-to-Month,35.47,2,0.53,0,1
CUST-2243,10,One-Year,28.96,2,0.17,0,0
CUST-2244,10,One-Year,82.86,0,-0.33,0,0
CUST-2245,19,One-Year,48.61,0,0.05,0,0
CUST-2246,46,Month-to-Month,53.02,1,0.45,2,1
CUST-2247,34,Two-Year,134.1,0,0.24,0,0
CUST-2248,33,Month-to-Month,31.64,2,0.43,3,0
CUST-2249,23,Month-to-Month,113.0,4,-0.22,0,1
CUST-2250,28,Month-to-Month,55.25,2,0.48,0,0
CUST-2251,32,Month-to-Month,118.84,4,0.33,0,0
CUST-2252,7,Two-Year,113.91,3,0.3,1,1
CUST-2253,29,Month-to-Month,20.96,6,-0.12,0,1
CUST-2254,8,Month-to-Month,86.19,2,0.48,0,1
CUST-2255,1,Two-Year,38.11,3,0.2,0,0
CUST-2256,3,Month-to-Month,132.61,3,0.44,0,0
CUST-2257,24,Month-to-Month,133.31,1,-0.1,0,1
CUST-2258,23,Month-to-Month,74.38,4,-0.34,0,1
CUST-2259,8,Month-to-Month,77.77,1,-0.13,0,1
CUST-2260,47,Month-to-Month,59.43,0,0.0,0,0
CUST-2261,37,One-Year,113.16,1,0.09,1,0
CUST-2262,3,Month-to-Month,66.63,2,0.06,0,1
CUST-2263,33,Month-to-Month,54.81,1,0.1,0,0
CUST-2264,28,One-Year,76.19,1,0.43,3,0
CUST-2265,47,One-Year,31.89,6,-0.31,0,0
CUST-2266,8,Month-to-Month,117.06,2,-0.15,0,0
CUST-2267,34,Month-to-Month,21.64,1,0.48,1,0
CUST-2268,35,Month-to-Month,103.78,1,0.12,0,1
CUST-2269,32,Month-to-Month,43.77,2,0.14,0,0
CUST-2270,24,Month-to-Month,50.21,2,0.03,0,0
CUST-2271,14,Month-to-Month,102.63,3,0.1,0,1
CUST-2272,32,Two-Year,149.08,2,-0.28,0,0
CUST-2273,46,Month-to-Month,121.1,1,0.1,0,1
CUST-2274,43,One-Year,49.36,4,0.6,0,1
CUST-2275,16,Month-to-Month,42.88,4,0.12,1,1
CUST-2276,4,One-Year,132.61,2,-0.45,0,0
CUST-2277,37,One-Year,77.74,3,0.38,0,0
CUST-2278,21,Two-Year,37.82,3,-0.06,0,1
CUST-2279,14,Month-to-Month,132.09,2,-0.33,1,0
CUST-2280,31,One-Year,126.09,1,0.45,1,0
CUST-2281,18,Month-to-Month,147.91,0,-0.28,1,1
CUST-2282,7,One-Year,138.27,1,0.51,1,1
CUST-2283,10,Month-to-Month,130.73,0,-0.01,0,1
CUST-2284,7,Month-to-Month,26.83,0,0.32,0,0
CUST-2285,33,Month-to-Month,33.57,2,0.1,0,0
CUST-2286,23,Month-to-Month,93.97,2,-0.22,0,1
CUST-2287,21,Month-to-Month,89.09,3,0.24,0,1
CUST-2288,19,Month-to-Month,79.54,3,0.55,0,0
CUST-2289,19,Two-Year,71.58,3,0.35,0,1
CUST-2290,36,One-Year,76.06,2,0.16,2,0
CUST-2291,29,Two-Year,94.01,2,0.59,0,0
CUST-2292,18,Month-to-Month,20.27,1,-0.21,0,1
CUST-2293,2,Two-Year,53.89,0,-0.43,0,1
CUST-2294,1,Two-Year,87.38,4,-0.46,0,1
CUST-2295,47,One-Year,113.89,6,0.28,0,0
CUST-2296,5,One-Year,42.64,0,0.41,0,0
CUST-2297,20,Month-to-Month,91.09,2,0.2,0,1
CUST-2298,11,Two-Year,112.88,2,0.5,0,1
CUST-2299,42,Month-to-Month,77.8,2,0.27,0,0
CUST-2300,2,Month-to-Month,23.52,1,-0.09,0,0
CUST-2301,3,Month-to-Month,78.4,2,-0.3,0,0
CUST-2302,23,Two-Year,58.54,2,0.52,0,0
CUST-2303,12,Two-Year,140.85,1,-0.39,0,1
CUST-2304,20,Two-Year,36.2,2,0.1,1,1
CUST-2305,5,One-Year,104.82,2,-0.15,0,1
CUST-2306,37,Month-to-Month,26.85,0,-0.2,0,1
CUST-2307,38,Month-to-Month,78.0,2,0.21,2,1
CUST-2308,30,Month-to-Month,92.02,2,-0.25,2,1
CUST-2309,9,Month-to-Month,58.73,3,0.51,1,1
CUST-2310,34,Month-to-Month,79.16,0,-0.05,0,0
CUST-2311,44,Month-to-Month,41.26,1,0.25,0,0
CUST-2312,35,Month-to-Month,59.54,2,0.3,0,0
CUST-2313,22,Two-Year,100.74,4,0.25,0,1
CUST-2314,44,Month-to-Month,59.23,1,0.49,0,0
CUST-2315,24,Two-Year,136.97,2,-0.25,0,0
CUST-2316,17,One-Year,101.69,3,-0.41,0,1
CUST-2317,10,Month-to-Month,77.02,3,-0.44,2,1
CUST-2318,30,Month-to-Month,25.04,1,0.47,0,0
CUST-2319,46,Month-to-Month,84.94,2,0.57,0,1
CUST-2320,23,Month-to-Month,119.42,1,-0.17,0,1
CUST-2321,32,One-Year,54.52,2,0.26,0,0
CUST-2322,17,Month-to-Month,124.88,2,-0.49,0,1
CUST-2323,17,Month-to-Month,52.73,2,-0.29,0,1
CUST-2324,14,Month-to-Month,127.09,1,0.26,0,0
CUST-2325,9,Two-Year,31.08,3,-0.43,0,1
CUST-2326,40,One-Year,132.6,6,0.02,0,1
CUST-2327,2,One-Year,84.89,1,0.23,0,0
CUST-2328,45,Month-to-Month,58.55,3,0.34,0,0
CUST-2329,25,One-Year,54.46,0,-0.0,0,0
CUST-2330,39,One-Year,76.16,1,0.19,0,0
CUST-2331,9,One-Year,149.88,2,0.09,0,0
CUST-2332,22,Two-Year,48.64,0,-0.44,0,0
CUST-2333,43,Month-to-Month,33.42,2,0.32,0,0
CUST-2334,46,Two-Year,96.05,1,-0.31,0,0
CUST-2335,4,Two-Year,83.51,1,-0.47,1,0
CUST-2336,26,Month-to-Month,88.15,1,-0.0,0,0
CUST-2337,29,Month-to-Month,106.7,2,0.45,1,0
CUST-2338,45,Two-Year,54.73,0,-0.33,0,0
CUST-2339,34,Month-to-Month,138.39,3,-0.49,0,1
CUST-2340,23,Month-to-Month,76.64,0,-0.38,0,0
CUST-2341,37,Two-Year,36.78,0,-0.1,1,1
CUST-2342,11,One-Year,116.5,3,0.14,2,1
CUST-2343,6,Month-to-Month,103.6,1,-0.29,0,1
CUST-2344,18,One-Year,61.05,2,0.38,0,0
CUST-2345,21,Month-to-Month,100.8,3,0.33,1,1
CUST-2346,42,Month-to-Month,48.58,1,0.27,0,0
CUST-2347,36,Month-to-Month,77.83,1,0.04,1,0
CUST-2348,41,One-Year,136.92,3,-0.1,0,1
CUST-2349,38,Month-to-Month,37.36,0,-0.09,2,0
CUST-2350,34,One-Year,70.27,3,0.05,1,0
CUST-2351,17,One-Year,126.75,3,-0.41,0,0
CUST-2352,37,Month-to-Month,146.03,2,0.25,0,1
CUST-2353,25,One-Year,79.01,1,-0.11,0,0
CUST-2354,38,Month-to-Month,85.91,4,-0.25,0,1
CUST-2355,12,One-Year,94.38,2,-0.19,0,1
CUST-2356,23,Month-to-Month,141.21,3,-0.3,0,1
CUST-2357,42,Two-Year,131.57,2,0.49,0,0
CUST-2358,22,Month-to-Month,42.18,3,-0.31,2,1
CUST-2359,21,Month-to-Month,76.78,0,0.47,0,0
CUST-2360,27,One-Year,80.32,5,0.13,0,0
CUST-2361,31,Month-to-Month,122.58,3,0.45,1,0
CUST-2362,6,Month-to-Month,98.38,2,0.02,1,1
CUST-2363,27,One-Year,105.05,4,0.52,0,0
CUST-2364,40,One-Year,149.77,1,-0.27,0,0
CUST-2365,34,One-Year,29.74,2,0.11,1,0
CUST-2366,12,Month-to-Month,48.99,1,-0.36,0,1
CUST-2367,45,One-Year,73.03,2,-0.01,2,1
CUST-2368,7,Month-to-Month,65.21,0,0.13,2,1
CUST-2369,10,One-Year,22.81,1,0.17,1,0
CUST-2370,45,One-Year,31.93,2,-0.1,0,0
CUST-2371,17,Month-to-Month,108.52,2,-0.42,1,1
CUST-2372,26,Month-to-Month,134.31,2,0.22,0,1
CUST-2373,21,Month-to-Month,86.85,3,0.04,0,1
CUST-2374,28,Month-to-Month,90.09,1,-0.35,1,1
CUST-2375,46,Month-to-Month,53.16,1,0.53,0,0
CUST-2376,2,Month-to-Month,119.82,1,0.55,0,1
CUST-2377,43,One-Year,117.73,1,0.44,1,0
CUST-2378,1,Month-to-Month,96.49,2,0.43,1,0
CUST-2379,36,Two-Year,47.65,1,-0.39,1,1
CUST-2380,26,Month-to-Month,32.61,1,0.59,0,0
CUST-2381,29,One-Year,28.35,2,-0.06,0,0
CUST-2382,21,One-Year,97.05,1,-0.32,0,0
CUST-2383,11,Month-to-Month,127.25,3,0.39,1,1
CUST-2384,40,Month-to-Month,131.58,2,-0.25,0,1
CUST-2385,11,One-Year,80.27,1,0.08,0,0
CUST-2386,36,Month-to-Month,121.96,1,-0.36,0,0
CUST-2387,39,Two-Year,143.09,1,0.02,3,1
CUST-2388,40,Month-to-Month,55.77,2,0.11,0,0
CUST-2389,35,Two-Year,71.73,3,-0.01,0,0
CUST-2390,34,Month-to-Month,141.09,3,-0.42,0,1
CUST-2391,47,One-Year,63.97,4,0.03,0,1
CUST-2392,24,One-Year,138.8,3,0.02,0,0
CUST-2393,22,One-Year,147.54,0,-0.21,0,0
CUST-2394,5,Month-to-Month,106.04,1,0.51,0,1
CUST-2395,33,One-Year,126.2,1,-0.04,1,1
CUST-2396,36,Month-to-Month,117.44,1,0.45,0,1
CUST-2397,47,One-Year,110.94,3,-0.38,0,0
CUST-2398,20,Month-to-Month,59.9,3,-0.15,0,0
CUST-2399,19,Two-Year,27.42,3,-0.31,1,1
CUST-2400,35,Month-to-Month,64.6,2,-0.05,0,1
CUST-2401,43,Two-Year,106.7,1,-0.38,2,0
CUST-2402,17,Two-Year,33.33,2,-0.01,2,1
CUST-2403,45,Two-Year,21.55,2,-0.11,0,0
CUST-2404,43,Month-to-Month,38.16,2,-0.25,0,0
CUST-2405,34,Month-to-Month,113.05,1,0.21,0,0
CUST-2406,9,Two-Year,146.46,1,0.55,2,1
CUST-2407,26,Month-to-Month,147.8,4,-0.27,0,1
CUST-2408,2,Month-to-Month,84.22,3,0.28,0,0
CUST-2409,9,One-Year,133.02,0,0.32,0,0
CUST-2410,9,One-Year,115.79,2,0.05,0,0
CUST-2411,40,Month-to-Month,85.14,1,0.49,0,0
CUST-2412,17,One-Year,94.46,2,0.56,0,0
CUST-2413,1,Two-Year,37.84,4,-0.1,0,1
CUST-2414,25,Month-to-Month,141.9,1,0.22,0,0
CUST-2415,43,Two-Year,65.75,1,0.23,0,0
CUST-2416,40,Month-to-Month,78.0,1,-0.06,0,0
CUST-2417,42,Month-to-Month,107.32,3,-0.15,0,0
CUST-2418,25,Month-to-Month,63.41,0,0.53,1,0
CUST-2419,39,Month-to-Month,53.05,2,0.37,0,0
CUST-2420,35,Two-Year,102.04,0,-0.37,0,0
CUST-2421,3,Month-to-Month,23.25,0,-0.37,0,0
CUST-2422,37,Month-to-Month,113.69,1,0.51,0,0
CUST-2423,44,Month-to-Month,86.82,0,-0.41,0,0
CUST-2424,44,One-Year,98.75,0,0.26,0,0
CUST-2425,30,One-Year,102.14,0,-0.25,0,0
CUST-2426,38,Month-to-Month,88.52,1,-0.46,1,1
CUST-2427,34,Month-to-Month,95.73,2,-0.43,0,1
CUST-2428,12,Two-Year,108.89,1,-0.09,0,0
CUST-2429,19,Month-to-Month,117.91,2,-0.41,1,1
CUST-2430,37,Month-to-Month,114.57,0,0.16,0,1
CUST-2431,44,Month-to-Month,133.05,2,0.21,0,1
CUST-2432,17,One-Year,44.63,4,-0.09,0,0
CUST-2433,10,Month-to-Month,72.15,0,0.32,0,0
CUST-2434,47,Month-to-Month,143.21,3,0.04,0,1
CUST-2435,12,Month-to-Month,71.56,4,-0.03,3,1
CUST-2436,16,Two-Year,36.23,1,-0.05,0,0
CUST-2437,24,Month-to-Month,88.31,4,-0.03,0,1
CUST-2438,19,One-Year,34.23,2,0.56,0,0
CUST-2439,8,Month-to-Month,46.37,0,0.25,0,0
CUST-2440,31,Month-to-Month,149.78,1,-0.15,2,1
CUST-2441,21,One-Year,90.38,1,0.31,0,0
CUST-2442,17,Month-to-Month,56.93,1,-0.14,1,1
CUST-2443,23,Two-Year,149.32,1,-0.36,0,1
CUST-2444,37,Two-Year,145.65,3,0.02,1,1
CUST-2445,16,Two-Year,77.3,1,0.33,0,0
CUST-2446,6,Month-to-Month,53.85,1,-0.08,1,1
CUST-2447,8,One-Year,128.99,0,0.46,0,0
CUST-2448,25,Month-to-Month,113.03,3,-0.07,1,1
CUST-2449,18,Two-Year,109.3,1,-0.12,0,0
CUST-2450,25,One-Year,136.1,1,0.6,0,0
CUST-2451,12,Two-Year,109.62,3,0.03,1,1
CUST-2452,15,Month-to-Month,56.89,1,0.39,0,0
CUST-2453,26,Month-to-Month,110.2,2,0.39,1,1
CUST-2454,41,Month-to-Month,59.76,1,0.52,0,0
CUST-2455,45,One-Year,118.7,2,-0.41,0,0
CUST-2456,26,Month-to-Month,100.57,1,-0.2,1,1
CUST-2457,47,Month-to-Month,30.06,2,0.34,0,0
CUST-2458,32,One-Year,86.67,3,0.12,0,0
CUST-2459,10,One-Year,64.63,1,0.12,2,1
CUST-2460,16,Month-to-Month,62.71,2,-0.32,0,1
CUST-2461,7,One-Year,98.29,2,-0.19,0,1
CUST-2462,17,Month-to-Month,61.9,3,0.07,0,0
CUST-2463,23,Month-to-Month,121.0,3,-0.2,1,1
CUST-2464,26,Month-to-Month,29.2,1,-0.27,2,0
CUST-2465,21,Month-to-Month,105.85,2,-0.4,2,1
CUST-2466,22,Month-to-Month,125.2,1,-0.33,0,1
CUST-2467,7,One-Year,107.47,2,0.35,0,1
CUST-2468,14,Month-to-Month,84.64,0,0.29,0,0
CUST-2469,15,Month-to-Month,143.54,3,-0.45,0,1
CUST-2470,7,Two-Year,58.99,1,-0.28,0,0
CUST-2471,9,Month-to-Month,22.49,3,0.12,0,1
CUST-2472,8,Month-to-Month,76.16,1,-0.15,1,1
CUST-2473,23,One-Year,24.29,2,0.41,1,0
CUST-2474,29,Two-Year,144.01,3,0.36,0,0
CUST-2475,18,One-Year,47.29,3,0.48,3,0
CUST-2476,31,One-Year,122.56,3,0.12,2,0
CUST-2477,30,Two-Year,120.69,0,-0.11,0,0
CUST-2478,39,Month-to-Month,48.3,0,0.17,0,0
CUST-2479,35,Two-Year,100.76,4,-0.4,0,0
CUST-2480,18,Month-to-Month,26.25,1,-0.49,0,1
CUST-2481,42,Two-Year,82.86,1,-0.48,0,0
CUST-2482,39,Month-to-Month,21.9,0,-0.05,0,0
CUST-2483,17,One-Year,139.75,3,-0.25,2,1
CUST-2484,14,Month-to-Month,146.89,1,-0.33,0,1
CUST-2485,31,One-Year,48.9,3,0.18,0,0
CUST-2486,24,Month-to-Month,47.05,1,0.59,0,0
CUST-2487,35,Two-Year,117.98,6,-0.3,0,0
CUST-2488,44,Two-Year,52.94,2,0.1,0,0
CUST-2489,45,Month-to-Month,136.36,1,-0.37,0,1
CUST-2490,34,Two-Year,94.61,2,0.53,3,1
CUST-2491,3,One-Year,65.6,1,-0.18,0,1
CUST-2492,37,One-Year,128.25,2,0.47,1,0
CUST-2493,43,Month-to-Month,84.14,2,-0.19,0,1
CUST-2494,40,Month-to-Month,138.51,3,0.39,0,0
CUST-2495,26,Month-to-Month,140.64,1,-0.27,0,1
CUST-2496,23,Month-to-Month,41.5,0,-0.18,1,1
CUST-2497,44,Two-Year,20.3,5,-0.29,1,0
CUST-2498,39,Month-to-Month,147.91,1,-0.21,0,1
CUST-2499,15,Two-Year,137.8,2,0.42,0,1
CUST-2500,4,Month-to-Month,27.21,1,0.2,0,1
CUST-2501,29,Month-to-Month,128.29,2,-0.05,1,0
CUST-2502,22,One-Year,79.51,2,0.57,0,1
CUST-2503,25,Two-Year,53.67,0,0.01,0,0
CUST-2504,13,Month-to-Month,134.24,4,0.57,0,1
CUST-2505,18,Month-to-Month,45.57,2,-0.28,0,1
CUST-2506,33,Month-to-Month,143.15,3,0.5,1,1
CUST-2507,16,Month-to-Month,46.73,0,-0.48,0,0
CUST-2508,45,Month-to-Month,99.78,2,0.1,0,1
CUST-2509,42,Month-to-Month,49.0,1,-0.03,0,0
CUST-2510,44,Month-to-Month,90.94,3,0.08,0,1
CUST-2511,2,One-Year,108.92,1,0.11,0,0
CUST-2512,35,Month-to-Month,44.73,7,-0.07,1,1
CUST-2513,42,Month-to-Month,87.72,1,0.6,0,0
CUST-2514,34,Month-to-Month,80.98,1,0.57,0,0
CUST-2515,30,One-Year,29.23,2,0.56,0,0
CUST-2516,13,Two-Year,126.38,3,0.58,0,0
CUST-2517,13,Month-to-Month,63.64,4,0.37,0,1
CUST-2518,18,One-Year,94.7,1,0.59,1,0
CUST-2519,32,Month-to-Month,86.92,1,0.48,0,0
CUST-2520,32,Month-to-Month,86.72,1,-0.04,1,1
CUST-2521,35,Month-to-Month,33.94,0,0.36,0,0
CUST-2522,39,Month-to-Month,75.05,1,0.5,0,0
CUST-2523,46,One-Year,78.81,4,0.28,0,0
CUST-2524,29,Two-Year,115.37,2,-0.03,2,1
CUST-2525,29,Month-to-Month,129.2,3,-0.43,2,1
CUST-2526,44,One-Year,90.85,1,0.39,0,0
CUST-2527,16,One-Year,31.28,1,0.55,0,0
CUST-2528,44,Month-to-Month,50.79,1,-0.1,0,1
CUST-2529,47,Month-to-Month,41.44,4,-0.33,0,0
CUST-2530,10,Month-to-Month,36.2,4,-0.14,3,1
CUST-2531,30,Month-to-Month,67.57,1,0.14,1,1
CUST-2532,25,Month-to-Month,49.82,0,-0.15,0,0
CUST-2533,39,Month-to-Month,48.38,3,0.17,0,0
CUST-2534,20,Month-to-Month,27.11,2,0.56,0,0
CUST-2535,5,One-Year,22.3,3,0.24,0,1
CUST-2536,1,One-Year,33.36,1,-0.1,0,0
CUST-2537,30,Two-Year,42.39,1,0.53,0,0
CUST-2538,3,Month-to-Month,76.03,1,0.12,0,1
CUST-2539,45,One-Year,86.37,1,-0.36,1,0
CUST-2540,14,Two-Year,38.28,2,0.05,0,0
CUST-2541,30,One-Year,75.22,2,0.22,1,0
CUST-2542,4,Month-to-Month,64.43,0,0.42,1,0
CUST-2543,18,One-Year,43.85,1,0.53,0,0
CUST-2544,37,Month-to-Month,20.89,0,-0.15,1,0
CUST-2545,25,Month-to-Month,80.71,2,-0.33,0,1
CUST-2546,1,Month-to-Month,109.13,0,-0.42,2,1
CUST-2547,46,One-Year,49.42,3,0.31,0,0
CUST-2548,15,Month-to-Month,37.13,2,0.37,2,1
CUST-2549,9,Two-Year,135.32,2,-0.05,0,1
CUST-2550,15,One-Year,55.75,4,-0.06,0,0
CUST-2551,24,Month-to-Month,49.07,2,0.55,0,0
CUST-2552,4,Two-Year,131.42,1,0.51,0,1
CUST-2553,12,Month-to-Month,126.22,0,-0.24,0,1
CUST-2554,37,Two-Year,78.29,1,0.36,0,0
CUST-2555,37,Month-to-Month,83.6,1,0.18,1,0
CUST-2556,43,Month-to-Month,48.31,1,-0.33,0,1
CUST-2557,6,One-Year,30.18,0,-0.11,0,0
CUST-2558,39,One-Year,94.55,1,-0.3,0,0
CUST-2559,46,One-Year,32.78,4,-0.18,0,0
CUST-2560,24,Two-Year,78.41,1,0.18,0,0
CUST-2561,11,One-Year,142.26,2,-0.09,0,1
CUST-2562,13,One-Year,143.87,0,-0.07,3,1
CUST-2563,34,Two-Year,51.11,0,0.09,0,0
CUST-2564,25,One-Year,101.13,2,-0.4,1,1
CUST-2565,7,Month-to-Month,81.63,2,0.31,0,0
CUST-2566,4,Two-Year,133.84,0,-0.06,1,1
CUST-2567,8,Month-to-Month,55.29,4,0.03,0,1
CUST-2568,20,One-Year,20.48,1,0.57,0,0
CUST-2569,29,Two-Year,41.13,2,-0.12,0,0
CUST-2570,45,One-Year,65.44,0,0.21,1,0
CUST-2571,46,One-Year,61.04,1,-0.07,0,0
CUST-2572,10,One-Year,122.88,0,0.48,3,1
CUST-2573,43,Month-to-Month,108.47,2,0.43,0,1
CUST-2574,34,Two-Year,58.94,2,-0.23,0,0
CUST-2575,26,Month-to-Month,79.51,5,0.26,0,0
CUST-2576,41,Month-to-Month,32.42,1,-0.43,0,0
CUST-2577,3,Month-to-Month,136.76,3,0.56,2,1
CUST-2578,6,Month-to-Month,141.61,3,-0.12,0,1
CUST-2579,5,Month-to-Month,147.37,5,0.42,0,1
CUST-2580,5,Two-Year,132.91,5,-0.15,0,1
CUST-2581,47,Month-to-Month,42.61,2,0.2,0,0
CUST-2582,23,Month-to-Month,26.01,1,0.58,0,0
CUST-2583,9,Month-to-Month,95.35,0,0.46,0,0
CUST-2584,35,Month-to-Month,138.64,1,-0.32,0,1
CUST-2585,20,One-Year,43.06,1,0.1,0,0
CUST-2586,42,Month-to-Month,20.92,0,-0.12,0,0
CUST-2587,35,Month-to-Month,124.71,0,-0.02,0,0
CUST-2588,18,Month-to-Month,29.98,2,-0.13,0,0
CUST-2589,17,Month-to-Month,73.78,2,-0.13,1,1
CUST-2590,24,Month-to-Month,108.26,1,0.1,2,1
CUST-2591,3,Month-to-Month,50.78,1,-0.29,1,1
CUST-2592,32,One-Year,30.92,1,0.09,3,1
CUST-2593,35,Two-Year,120.1,2,-0.19,0,1
CUST-2594,38,Month-to-Month,101.92,2,-0.18,0,1
CUST-2595,13,Two-Year,148.5,1,0.31,0,0
CUST-2596,47,Month-to-Month,64.76,2,-0.47,0,0
CUST-2597,25,Month-to-Month,28.03,1,-0.08,0,1
CUST-2598,9,Two-Year,115.47,2,-0.05,1,1
CUST-2599,4,Month-to-Month,87.83,1,0.03,0,1
CUST-2600,14,Two-Year,47.72,1,0.24,0,0
CUST-2601,37,Month-to-Month,121.62,1,-0.09,0,1
CUST-2602,34,Month-to-Month,46.49,2,-0.27,0,0
CUST-2603,11,Month-to-Month,53.89,1,0.47,0,0
CUST-2604,41,One-Year,32.03,4,0.58,1,0
CUST-2605,3,One-Year,71.93,0,-0.48,0,1
CUST-2606,28,One-Year,74.46,1,0.1,2,1
CUST-2607,29,Month-to-Month,86.89,3,-0.12,2,1
CUST-2608,9,Month-to-Month,112.17,5,-0.2,0,1
CUST-2609,3,Month-to-Month,137.79,1,-0.13,0,1
CUST-2610,25,Month-to-Month,37.91,0,0.2,0,0
CUST-2611,34,Two-Year,27.07,2,-0.29,0,0
CUST-2612,12,Month-to-Month,22.41,0,0.5,0,0
CUST-2613,42,Two-Year,38.67,2,0.01,2,0
CUST-2614,9,Two-Year,105.53,0,-0.14,0,1
CUST-2615,15,Month-to-Month,114.57,0,0.34,0,1
CUST-2616,40,One-Year,122.25,2,-0.48,0,0
CUST-2617,25,Month-to-Month,51.68,1,-0.02,0,1
CUST-2618,5,Month-to-Month,59.77,2,-0.11,0,1
CUST-2619,11,Month-to-Month,82.81,2,-0.13,0,1
CUST-2620,34,One-Year,28.21,2,-0.13,0,0
CUST-2621,24,Month-to-Month,99.45,3,-0.47,0,0
CUST-2622,15,Month-to-Month,147.89,2,-0.33,3,1
CUST-2623,38,Month-to-Month,66.9,1,-0.34,1,0
CUST-2624,8,Month-to-Month,117.87,2,0.59,0,1
CUST-2625,5,One-Year,85.0,1,-0.48,0,1
CUST-2626,26,One-Year,36.62,2,-0.32,0,1
CUST-2627,18,Month-to-Month,95.69,4,0.57,0,1
CUST-2628,6,Month-to-Month,58.98,0,0.19,1,1
CUST-2629,37,One-Year,24.47,3,-0.0,0,0
CUST-2630,13,Month-to-Month,102.54,1,-0.41,0,1
CUST-2631,28,One-Year,131.66,2,0.24,0,1
CUST-2632,5,Month-to-Month,64.82,1,-0.35,1,1
CUST-2633,13,Month-to-Month,70.74,1,0.24,2,1
CUST-2634,17,Month-to-Month,135.83,5,0.58,0,1
CUST-2635,40,Month-to-Month,125.77,2,0.09,0,0
CUST-2636,45,One-Year,112.94,0,-0.26,0,1
CUST-2637,32,Month-to-Month,52.34,2,0.19,0,0
CUST-2638,29,One-Year,138.33,0,0.06,0,0
CUST-2639,3,Two-Year,40.07,3,0.09,2,1
CUST-2640,40,Month-to-Month,101.48,0,0.03,0,0
CUST-2641,34,One-Year,23.74,1,0.24,1,0
CUST-2642,40,Month-to-Month,103.68,1,0.13,3,1
CUST-2643,27,Month-to-Month,56.03,2,0.59,0,1
CUST-2644,13,One-Year,78.46,2,0.41,0,0
CUST-2645,45,Month-to-Month,64.88,2,-0.21,1,0
CUST-2646,33,One-Year,42.46,1,0.3,0,0
CUST-2647,6,Month-to-Month,100.86,0,-0.26,0,1
CUST-2648,24,One-Year,134.66,2,0.36,0,1
CUST-2649,19,Two-Year,144.68,3,-0.34,0,1
CUST-2650,16,Two-Year,45.01,3,0.02,0,0
CUST-2651,40,One-Year,113.26,0,0.37,0,0
CUST-2652,28,One-Year,106.36,3,-0.19,0,1
CUST-2653,33,One-Year,64.64,3,0.42,0,0
CUST-2654,41,One-Year,22.48,1,0.21,0,0
CUST-2655,13,Month-to-Month,109.67,2,-0.06,0,1
CUST-2656,43,Month-to-Month,142.91,1,-0.03,0,0
CUST-2657,45,Month-to-Month,102.18,2,0.52,0,1
CUST-2658,25,Two-Year,76.59,2,-0.26,0,0
CUST-2659,42,Month-to-Month,88.27,1,0.26,1,1
CUST-2660,36,Month-to-Month,45.95,5,0.28,1,0
CUST-2661,27,Month-to-Month,117.57,2,0.51,1,1
CUST-2662,38,One-Year,117.03,3,0.28,2,1
CUST-2663,7,One-Year,38.92,2,0.14,0,1
CUST-2664,5,Month-to-Month,134.14,1,0.49,0,1
CUST-2665,43,Month-to-Month,54.99,0,0.41,0,0
CUST-2666,45,Two-Year,147.69,3,0.29,2,0
CUST-2667,31,Month-to-Month,69.78,1,-0.46,1,0
CUST-2668,23,Month-to-Month,43.12,1,-0.09,0,1
CUST-2669,42,One-Year,65.72,1,0.2,0,0
CUST-2670,10,Two-Year,77.22,1,0.07,0,0
CUST-2671,32,Month-to-Month,29.01,0,-0.15,0,0
CUST-2672,43,One-Year,95.17,1,-0.34,0,1
CUST-2673,30,Two-Year,97.69,0,0.11,2,1
CUST-2674,39,Month-to-Month,116.06,1,-0.19,0,0
CUST-2675,31,Two-Year,23.79,1,-0.24,2,0
CUST-2676,18,One-Year,90.36,4,-0.06,0,1
CUST-2677,36,One-Year,26.88,1,0.36,0,0
CUST-2678,2,One-Year,111.15,2,0.04,1,1
CUST-2679,14,Month-to-Month,27.24,3,-0.26,0,1
CUST-2680,13,Month-to-Month,138.52,3,-0.37,0,1
CUST-2681,29,Month-to-Month,111.27,1,0.05,0,1
CUST-2682,12,Month-to-Month,85.96,2,0.37,1,0
CUST-2683,39,Month-to-Month,77.4,4,0.22,0,0
CUST-2684,2,Two-Year,36.99,5,-0.24,0,1
CUST-2685,32,Two-Year,57.83,1,-0.02,0,0
CUST-2686,13,One-Year,132.96,2,0.44,2,1
CUST-2687,46,Two-Year,137.58,3,-0.3,2,1
CUST-2688,27,One-Year,20.1,2,0.09,0,0
CUST-2689,41,Month-to-Month,97.24,2,-0.11,0,1
CUST-2690,17,Month-to-Month,113.51,3,-0.36,2,1
CUST-2691,40,Month-to-Month,100.44,1,-0.45,0,1
CUST-2692,31,One-Year,30.62,1,0.11,0,0
CUST-2693,34,Month-to-Month,48.3,4,-0.48,0,1
CUST-2694,24,One-Year,52.54,1,-0.39,0,0
CUST-2695,45,Month-to-Month,128.12,0,-0.12,0,1
CUST-2696,35,One-Year,80.22,3,-0.45,0,1
CUST-2697,6,Two-Year,83.29,3,-0.06,0,1
CUST-2698,19,One-Year,141.54,2,-0.36,2,1
CUST-2699,30,Two-Year,102.82,2,-0.12,0,0
CUST-2700,7,Two-Year,136.83,1,0.37,0,0
CUST-2701,10,Two-Year,79.35,2,0.19,1,0
CUST-2702,41,Two-Year,39.43,2,-0.01,1,0
CUST-2703,32,Two-Year,140.89,3,-0.4,0,0
CUST-2704,34,One-Year,79.63,4,0.18,0,0
CUST-2705,28,Month-to-Month,43.61,2,-0.32,0,1
CUST-2706,15,Month-to-Month,59.31,4,-0.42,0,1
CUST-2707,30,One-Year,26.6,1,0.23,0,0
CUST-2708,37,Month-to-Month,80.88,0,0.5,0,0
CUST-2709,29,Month-to-Month,130.91,3,0.01,0,0
CUST-2710,22,Two-Year,141.37,6,-0.45,1,1
CUST-2711,4,Two-Year,141.24,2,0.47,0,0
CUST-2712,20,Two-Year,36.28,0,-0.43,0,0
CUST-2713,32,Month-to-Month,69.67,3,0.45,0,0
CUST-2714,36,Month-to-Month,23.67,2,-0.07,0,0
CUST-2715,4,Month-to-Month,131.17,0,-0.1,0,1
CUST-2716,27,Month-to-Month,66.64,3,0.1,1,1
CUST-2717,17,Month-to-Month,102.05,0,0.55,0,0
CUST-2718,12,Month-to-Month,112.94,2,0.49,0,1
CUST-2719,22,Two-Year,75.88,1,0.02,0,0
CUST-2720,17,One-Year,59.84,5,0.27,0,1
CUST-2721,10,Month-to-Month,145.09,3,0.14,0,1
CUST-2722,1,Month-to-Month,145.38,1,0.26,0,1
CUST-2723,22,Month-to-Month,57.63,2,0.41,1,0
CUST-2724,26,Month-to-Month,82.35,0,-0.46,1,1
CUST-2725,18,Two-Year,146.47,2,-0.14,0,1
CUST-2726,14,Month-to-Month,20.63,2,0.56,1,1
CUST-2727,47,Month-to-Month,73.65,2,0.54,3,0
CUST-2728,29,Month-to-Month,33.06,0,-0.49,0,0
CUST-2729,12,Month-to-Month,86.19,0,-0.28,2,1
CUST-2730,36,One-Year,23.21,1,0.59,0,0
CUST-2731,35,One-Year,72.9,1,0.04,1,1
CUST-2732,12,One-Year,48.69,0,0.13,0,0
CUST-2733,7,Month-to-Month,89.33,4,-0.32,0,1
CUST-2734,29,One-Year,149.48,2,0.48,0,0
CUST-2735,11,One-Year,124.07,2,-0.25,0,0
CUST-2736,33,Two-Year,129.93,1,-0.29,2,1
CUST-2737,6,Month-to-Month,102.58,0,-0.25,0,1
CUST-2738,47,Month-to-Month,25.4,0,0.51,0,0
CUST-2739,15,One-Year,46.88,0,0.27,0,0
CUST-2740,32,One-Year,140.26,0,0.35,0,0
CUST-2741,11,Month-to-Month,67.59,2,-0.09,0,1
CUST-2742,23,Month-to-Month,33.47,4,0.5,0,0
CUST-2743,26,Month-to-Month,111.31,0,0.37,0,0
CUST-2744,34,Two-Year,58.93,1,0.33,0,0
CUST-2745,46,Month-to-Month,54.95,3,0.57,0,0
CUST-2746,34,Two-Year,149.74,1,-0.1,0,1
CUST-2747,29,Month-to-Month,131.56,2,0.17,2,1
CUST-2748,4,Two-Year,73.03,1,0.5,0,0
CUST-2749,17,Two-Year,147.43,4,0.37,0,1
CUST-2750,35,Month-to-Month,104.51,3,0.12,0,0
CUST-2751,13,Two-Year,116.46,0,-0.42,0,0
CUST-2752,41,Month-to-Month,24.1,3,0.22,0,0
CUST-2753,39,Two-Year,35.81,1,0.08,0,0
CUST-2754,15,One-Year,102.3,4,-0.3,0,1
CUST-2755,29,Month-to-Month,136.87,0,0.47,0,0
CUST-2756,29,One-Year,101.09,5,-0.12,0,0
CUST-2757,11,Two-Year,37.42,2,-0.07,1,1
CUST-2758,32,Month-to-Month,35.05,3,0.24,0,0
CUST-2759,2,One-Year,129.74,3,0.04,0,1
CUST-2760,47,One-Year,38.11,1,-0.4,0,0
CUST-2761,14,Two-Year,87.63,2,-0.07,0,1
CUST-2762,20,Month-to-Month,24.82,0,-0.4,0,1
CUST-2763,22,Month-to-Month,30.49,0,-0.29,0,1
CUST-2764,11,Month-to-Month,107.41,1,-0.49,0,1
CUST-2765,27,One-Year,109.59,4,-0.3,0,1
CUST-2766,3,Month-to-Month,64.39,4,-0.14,0,1
CUST-2767,17,Two-Year,48.03,2,0.09,0,0
CUST-2768,44,Month-to-Month,125.78,1,0.51,0,0
CUST-2769,28,One-Year,48.22,3,0.09,0,0
CUST-2770,29,Month-to-Month,90.46,1,0.28,0,0
CUST-2771,21,Month-to-Month,145.87,1,-0.11,0,0
CUST-2772,47,Month-to-Month,39.22,3,0.33,0,1
CUST-2773,16,Month-to-Month,142.31,2,0.18,0,1
CUST-2774,37,One-Year,43.78,3,0.01,0,0
CUST-2775,20,Two-Year,93.77,0,-0.29,2,1
CUST-2776,6,One-Year,69.01,4,-0.17,0,1
CUST-2777,19,Two-Year,145.44,1,0.18,0,0
CUST-2778,5,Two-Year,55.56,2,-0.03,0,0
CUST-2779,3,One-Year,71.96,2,0.48,0,0
CUST-2780,1,Two-Year,147.77,2,-0.24,0,0
CUST-2781,38,One-Year,89.74,1,-0.42,0,1
CUST-2782,15,Month-to-Month,85.34,2,0.15,0,1
CUST-2783,34,One-Year,53.51,3,0.47,2,0
CUST-2784,35,Month-to-Month,111.18,1,-0.1,0,1
CUST-2785,25,One-Year,21.87,2,0.21,2,0
CUST-2786,24,One-Year,26.44,4,-0.25,0,0
CUST-2787,12,Month-to-Month,97.92,2,0.11,0,0
CUST-2788,18,Month-to-Month,64.42,1,0.37,0,1
CUST-2789,15,Two-Year,143.93,0,0.45,0,1
CUST-2790,44,One-Year,137.41,2,-0.38,0,0
CUST-2791,16,Month-to-Month,112.78,2,-0.11,0,1
CUST-2792,27,One-Year,126.36,2,0.2,0,1
CUST-2793,8,One-Year,106.75,2,-0.46,0,0
CUST-2794,46,Month-to-Month,36.33,0,0.26,0,0
CUST-2795,25,Two-Year,119.52,2,0.08,0,0
CUST-2796,17,One-Year,47.32,1,-0.18,3,1
CUST-2797,29,Month-to-Month,62.05,0,0.4,0,0
CUST-2798,8,Two-Year,126.5,2,-0.18,1,0
CUST-2799,15,Two-Year,89.75,4,0.59,0,0
CUST-2800,27,Month-to-Month,131.79,4,0.4,0,1
CUST-2801,46,Month-to-Month,47.69,1,0.28,0,0
CUST-2802,7,Month-to-Month,99.01,0,-0.43,0,1
CUST-2803,3,One-Year,30.89,1,0.49,3,0
CUST-2804,29,One-Year,103.6,2,0.37,0,1
CUST-2805,44,One-Year,119.13,4,-0.25,2,1
CUST-2806,24,Two-Year,96.04,1,-0.07,1,0
CUST-2807,3,One-Year,54.61,2,-0.2,0,1
CUST-2808,20,Month-to-Month,24.07,4,0.58,0,1
CUST-2809,46,Month-to-Month,35.53,6,0.44,0,1
CUST-2810,15,Month-to-Month,100.9,0,0.52,0,1
CUST-2811,25,Month-to-Month,141.47,2,0.37,0,1
CUST-2812,30,One-Year,46.85,0,0.0,0,0
CUST-2813,14,Two-Year,115.55,1,-0.27,0,1
CUST-2814,7,Month-to-Month,132.64,3,-0.27,0,1
CUST-2815,17,One-Year,87.71,0,-0.33,0,0
CUST-2816,44,One-Year,107.0,3,0.1,1,0
CUST-2817,20,Month-to-Month,125.95,4,0.51,0,1
CUST-2818,36,Month-to-Month,53.89,2,0.59,0,0
CUST-2819,9,Month-to-Month,58.6,3,-0.18,0,0
CUST-2820,38,Month-to-Month,20.08,3,0.27,1,1
CUST-2821,22,Two-Year,145.2,1,0.16,0,0
CUST-2822,2,Month-to-Month,139.28,3,0.04,2,1
CUST-2823,24,Month-to-Month,119.39,3,0.23,3,1
CUST-2824,8,Month-to-Month,30.28,1,-0.09,2,1
CUST-2825,11,Two-Year,78.18,2,0.54,0,0
CUST-2826,13,Month-to-Month,33.25,3,0.28,0,1
CUST-2827,17,Month-to-Month,22.07,1,0.33,2,1
CUST-2828,8,Month-to-Month,100.1,1,-0.23,1,1
CUST-2829,21,Month-to-Month,144.91,2,-0.31,2,1
CUST-2830,18,Month-to-Month,137.37,5,-0.07,0,1
CUST-2831,30,One-Year,110.58,2,0.34,0,0
CUST-2832,18,Month-to-Month,32.56,2,0.53,0,0
CUST-2833,46,Month-to-Month,55.64,2,-0.03,1,1
CUST-2834,47,Two-Year,61.61,0,0.35,0,0
CUST-2835,31,Month-to-Month,119.21,4,0.02,0,1
CUST-2836,38,Month-to-Month,124.29,4,-0.18,0,1
CUST-2837,32,Month-to-Month,70.06,2,0.31,0,0
CUST-2838,11,Two-Year,74.32,3,0.38,0,0
CUST-2839,45,Month-to-Month,25.79,6,-0.28,0,1
CUST-2840,25,Two-Year,57.59,2,-0.16,0,0
CUST-2841,33,One-Year,78.67,1,0.04,0,0
CUST-2842,38,Month-to-Month,35.21,2,-0.29,0,0
CUST-2843,41,Two-Year,78.92,0,0.52,2,0
CUST-2844,8,Month-to-Month,130.91,1,0.15,0,0
CUST-2845,11,Month-to-Month,95.57,1,-0.37,0,1
CUST-2846,22,Two-Year,30.26,5,-0.3,1,1
CUST-2847,24,One-Year,44.92,1,0.55,0,0
CUST-2848,41,One-Year,81.69,0,0.31,1,0
CUST-2849,17,Month-to-Month,66.99,2,0.31,3,1
CUST-2850,12,Month-to-Month,66.63,3,-0.42,0,1
CUST-2851,46,One-Year,88.8,2,0.48,0,0
CUST-2852,32,Month-to-Month,95.97,4,-0.01,0,1
CUST-2853,15,Month-to-Month,123.59,0,0.23,2,1
CUST-2854,16,Month-to-Month,64.33,4,0.56,0,0
CUST-2855,22,Month-to-Month,124.71,0,-0.39,0,1
CUST-2856,28,Two-Year,64.02,0,0.03,2,0
CUST-2857,20,Month-to-Month,27.21,0,-0.45,2,1
CUST-2858,33,Two-Year,92.04,1,0.05,0,0
CUST-2859,10,Month-to-Month,96.43,2,-0.22,0,0
CUST-2860,40,One-Year,141.49,1,0.5,0,0
CUST-2861,32,Month-to-Month,114.39,2,-0.06,0,0
CUST-2862,33,Month-to-Month,139.31,4,0.2,2,1
CUST-2863,2,Month-to-Month,138.09,2,0.45,0,1
CUST-2864,33,Month-to-Month,98.59,5,0.58,0,0
CUST-2865,33,Month-to-Month,88.61,1,0.05,2,1
CUST-2866,41,Two-Year,92.47,2,0.0,0,0
CUST-2867,13,One-Year,147.18,0,-0.42,1,1
CUST-2868,30,Month-to-Month,120.51,1,-0.49,0,1
CUST-2869,33,Month-to-Month,33.81,0,0.17,1,0
CUST-2870,13,Month-to-Month,121.2,1,-0.43,3,1
CUST-2871,26,One-Year,42.17,0,-0.08,0,0
CUST-2872,22,One-Year,78.16,3,-0.5,1,1
CUST-2873,39,Two-Year,47.36,2,0.18,3,0
CUST-2874,2,Month-to-Month,109.65,0,-0.03,3,1
CUST-2875,38,Month-to-Month,134.05,0,-0.36,0,0
CUST-2876,39,Month-to-Month,57.75,4,-0.17,0,0
CUST-2877,26,One-Year,30.66,2,0.13,0,0
CUST-2878,46,One-Year,58.8,4,0.22,0,0
CUST-2879,15,One-Year,107.41,1,0.01,0,0
CUST-2880,34,One-Year,62.74,3,0.38,0,0
CUST-2881,42,Month-to-Month,56.15,0,-0.38,0,0
CUST-2882,44,One-Year,43.98,2,-0.41,0,0
CUST-2883,40,Month-to-Month,84.68,3,-0.45,1,1
CUST-2884,11,One-Year,55.87,0,0.09,1,1
CUST-2885,3,Month-to-Month,115.03,3,0.28,0,1
CUST-2886,6,Month-to-Month,29.96,0,-0.36,0,1
CUST-2887,9,Two-Year,106.32,3,0.2,1,1
CUST-2888,6,Two-Year,50.88,4,0.02,0,1
CUST-2889,9,Two-Year,83.61,0,0.59,0,0
CUST-2890,39,Month-to-Month,57.19,0,0.29,1,0
CUST-2891,31,One-Year,113.96,3,0.22,0,0
CUST-2892,32,Month-to-Month,142.89,3,0.13,1,1
CUST-2893,41,Two-Year,139.22,1,0.6,2,0
CUST-2894,12,Month-to-Month,95.85,3,0.58,0,1
CUST-2895,8,Two-Year,80.14,3,0.09,1,1
CUST-2896,8,Two-Year,126.38,2,0.0,0,1
CUST-2897,28,One-Year,108.83,2,0.01,1,1
CUST-2898,20,Month-to-Month,43.86,1,-0.03,1,1
CUST-2899,47,Month-to-Month,126.72,2,0.08,0,0
CUST-2900,7,Two-Year,75.75,3,-0.2,0,1
CUST-2901,11,Month-to-Month,44.57,1,0.52,0,0
CUST-2902,20,Two-Year,56.63,2,0.04,0,1
CUST-2903,16,Month-to-Month,54.78,4,0.43,3,1
CUST-2904,4,Month-to-Month,87.5,0,0.02,0,0
CUST-2905,6,Two-Year,50.47,4,0.29,0,1
CUST-2906,22,One-Year,36.06,1,-0.13,0,0
CUST-2907,26,One-Year,36.08,1,0.19,0,0
CUST-2908,3,One-Year,95.83,1,0.05,1,1
CUST-2909,41,Month-to-Month,115.52,1,-0.1,0,0
CUST-2910,42,One-Year,61.8,1,0.47,1,0
CUST-2911,14,Month-to-Month,24.5,2,-0.38,0,1
CUST-2912,11,Two-Year,36.54,2,0.04,0,0
CUST-2913,18,Two-Year,138.91,1,-0.29,0,0
CUST-2914,12,Month-to-Month,84.16,4,0.45,0,1
CUST-2915,23,One-Year,78.96,1,-0.22,0,1
CUST-2916,12,One-Year,24.95,2,0.2,0,0
CUST-2917,13,Month-to-Month,114.72,1,-0.32,2,1
CUST-2918,25,Two-Year,88.65,0,-0.05,3,0
CUST-2919,45,Month-to-Month,46.27,0,0.49,0,0
CUST-2920,19,Month-to-Month,34.31,1,-0.32,0,1
CUST-2921,46,Month-to-Month,69.84,3,0.23,0,0
CUST-2922,36,Month-to-Month,128.83,3,-0.28,1,1
CUST-2923,45,One-Year,132.49,1,-0.04,0,0
CUST-2924,8,One-Year,98.37,1,0.09,0,0
CUST-2925,29,One-Year,114.58,0,0.14,0,1
CUST-2926,32,One-Year,34.97,0,0.16,0,0
CUST-2927,44,Month-to-Month,96.46,2,0.2,0,1
CUST-2928,18,Month-to-Month,106.71,7,-0.2,0,1
CUST-2929,6,Month-to-Month,46.09,1,-0.06,0,1
CUST-2930,18,Month-to-Month,134.42,4,-0.46,0,1
CUST-2931,19,One-Year,45.35,1,0.35,2,0
CUST-2932,22,Month-to-Month,60.75,2,0.42,0,0
CUST-2933,37,Month-to-Month,100.67,2,-0.28,0,0
CUST-2934,32,Month-to-Month,102.99,2,-0.28,2,1
CUST-2935,41,Two-Year,110.92,3,-0.45,0,1
CUST-2936,3,Two-Year,34.56,0,0.57,0,0
CUST-2937,28,One-Year,130.43,2,0.39,1,0
CUST-2938,10,Two-Year,89.27,3,-0.1,0,0
CUST-2939,35,One-Year,81.27,1,0.03,0,0
CUST-2940,29,One-Year,147.54,4,-0.18,1,1
CUST-2941,15,Month-to-Month,116.25,1,0.16,0,1
CUST-2942,33,One-Year,35.34,2,0.29,0,0
CUST-2943,7,One-Year,118.35,4,-0.01,0,1
CUST-2944,12,One-Year,32.38,3,0.46,0,0
CUST-2945,30,One-Year,23.57,1,0.07,2,0
CUST-2946,21,Month-to-Month,72.47,1,-0.34,2,1
CUST-2947,31,One-Year,149.17,0,0.18,0,0
CUST-2948,24,Two-Year,42.73,0,0.01,0,0
CUST-2949,20,Month-to-Month,107.44,3,0.53,0,1
CUST-2950,37,One-Year,42.54,2,-0.07,0,0
CUST-2951,4,Month-to-Month,114.22,4,-0.06,0,1
CUST-2952,28,One-Year,85.7,5,0.22,0,1
CUST-2953,44,One-Year,108.4,2,0.08,0,0
CUST-2954,20,Month-to-Month,46.37,0,-0.09,0,0
CUST-2955,24,One-Year,116.93,7,0.59,1,1
CUST-2956,32,Month-to-Month,149.43,1,-0.17,1,1
CUST-2957,41,One-Year,106.53,7,-0.19,0,1
CUST-2958,36,Month-to-Month,84.15,3,0.45,0,1
CUST-2959,34,One-Year,140.01,0,-0.5,1,1
CUST-2960,36,Month-to-Month,22.06,0,-0.28,2,1
CUST-2961,2,One-Year,114.89,2,0.15,0,1
CUST-2962,15,Month-to-Month,135.54,1,-0.32,0,1
CUST-2963,34,Two-Year,28.02,0,0.58,3,0
CUST-2964,36,Two-Year,78.51,1,0.01,0,0
CUST-2965,6,Two-Year,46.61,2,0.16,0,0
CUST-2966,39,One-Year,93.65,2,-0.32,0,0
CUST-2967,42,One-Year,104.44,1,-0.18,0,0
CUST-2968,12,Month-to-Month,59.34,0,0.18,0,1
CUST-2969,3,Month-to-Month,79.8,0,0.1,0,1
CUST-2970,45,Month-to-Month,56.31,3,0.36,0,0
CUST-2971,18,One-Year,68.02,0,-0.2,0,0
CUST-2972,40,Two-Year,40.74,1,0.22,0,0
CUST-2973,21,Month-to-Month,135.12,1,-0.18,3,1
CUST-2974,15,Two-Year,21.3,2,0.15,0,0
CUST-2975,33,One-Year,134.71,1,0.17,0,1
CUST-2976,35,One-Year,94.32,2,-0.37,0,0
CUST-2977,26,Month-to-Month,63.12,1,0.1,0,0
CUST-2978,8,Month-to-Month,114.0,2,-0.49,3,1
CUST-2979,36,One-Year,86.01,4,0.05,0,1
CUST-2980,30,One-Year,84.88,2,0.27,0,0
CUST-2981,23,Month-to-Month,34.32,0,-0.42,0,0
CUST-2982,42,One-Year,70.64,1,0.53,0,0
CUST-2983,44,Two-Year,51.34,2,0.0,0,0
CUST-2984,14,Two-Year,22.04,2,0.53,0,0
CUST-2985,14,Two-Year,66.81,0,-0.38,1,1
CUST-2986,2,Month-to-Month,31.68,5,0.54,0,0
CUST-2987,37,Month-to-Month,53.39,3,-0.38,0,1
CUST-2988,5,One-Year,32.03,2,0.01,0,1
CUST-2989,38,Month-to-Month,33.12,2,0.53,0,0
CUST-2990,45,Month-to-Month,45.87,2,-0.24,0,0
CUST-2991,41,Month-to-Month,149.98,3,-0.46,0,1
CUST-2992,47,Month-to-Month,20.28,2,0.37,1,0
CUST-2993,14,Month-to-Month,103.03,1,0.16,0,0
CUST-2994,39,Month-to-Month,38.36,3,0.07,0,1
CUST-2995,25,Month-to-Month,139.68,2,-0.46,0,1
CUST-2996,20,Month-to-Month,32.17,4,0.22,0,1
CUST-2997,2,One-Year,144.16,0,-0.31,0,1
CUST-2998,39,One-Year,99.42,3,0.52,0,1
CUST-2999,6,One-Year,20.16,2,0.25,0,0
CUST-3000,17,Month-to-Month,136.22,1,0.28,0,0
CUST-3001,25,Month-to-Month,87.82,1,-0.24,0,1
CUST-3002,28,One-Year,54.15,2,0.47,0,0
CUST-3003,2,One-Year,119.75,0,0.09,0,1
CUST-3004,35,Month-to-Month,140.47,0,0.44,0,0
CUST-3005,37,Month-to-Month,82.88,0,-0.2,0,0
CUST-3006,5,Two-Year,61.02,1,0.33,0,0
CUST-3007,1,Month-to-Month,122.56,3,0.13,0,1
CUST-3008,40,Month-to-Month,108.63,5,-0.45,0,1
CUST-3009,12,One-Year,135.54,1,-0.05,0,0
CUST-3010,36,Month-to-Month,110.03,0,-0.3,1,1
CUST-3011,45,Month-to-Month,51.66,0,-0.1,3,1
CUST-3012,23,Month-to-Month,141.12,3,-0.08,0,0
CUST-3013,47,One-Year,33.63,3,0.02,0,1
CUST-3014,31,Month-to-Month,54.83,3,0.16,0,0
CUST-3015,11,Month-to-Month,87.63,1,0.13,0,1
CUST-3016,10,Month-to-Month,93.55,0,-0.46,0,1
CUST-3017,3,Two-Year,21.99,1,0.33,1,0
CUST-3018,14,Month-to-Month,121.47,6,0.54,0,1
CUST-3019,16,Two-Year,67.01,1,-0.12,3,1
CUST-3020,10,Month-to-Month,72.83,4,-0.3,0,1
CUST-3021,29,Two-Year,125.22,1,0.09,0,0
CUST-3022,10,Two-Year,69.31,1,0.28,1,0
CUST-3023,12,Month-to-Month,26.14,1,0.25,2,0
CUST-3024,30,Month-to-Month,42.94,5,0.17,1,0
CUST-3025,41,Month-to-Month,144.27,1,-0.34,0,1
CUST-3026,1,Month-to-Month,29.15,2,0.42,0,0
CUST-3027,5,One-Year,66.14,0,-0.03,0,1
CUST-3028,20,Month-to-Month,85.41,1,-0.26,0,0
CUST-3029,8,Month-to-Month,84.13,2,-0.41,0,1
CUST-3030,43,Month-to-Month,20.51,1,-0.04,2,1
CUST-3031,12,Two-Year,85.15,1,0.18,0,0
CUST-3032,1,Month-to-Month,69.89,1,0.23,1,0
CUST-3033,20,Month-to-Month,146.37,0,0.56,0,1
CUST-3034,28,Month-to-Month,40.69,1,-0.33,0,1
CUST-3035,43,Two-Year,66.04,1,0.58,1,0
CUST-3036,37,One-Year,74.53,1,0.22,0,0
CUST-3037,47,Month-to-Month,70.79,4,-0.0,0,1
CUST-3038,37,Month-to-Month,106.56,2,0.48,0,1
CUST-3039,12,Month-to-Month,48.02,2,0.26,0,1
CUST-3040,37,Month-to-Month,48.74,3,-0.12,3,1
CUST-3041,44,Two-Year,114.8,0,0.47,0,0
CUST-3042,28,One-Year,85.04,1,0.23,0,0
CUST-3043,47,Month-to-Month,73.97,1,0.27,0,0
CUST-3044,15,Two-Year,42.0,2,0.49,0,0
CUST-3045,6,Month-to-Month,44.38,1,-0.01,0,0
CUST-3046,44,One-Year,21.37,1,0.22,0,0
CUST-3047,20,Two-Year,31.89,1,0.32,2,0
CUST-3048,14,Month-to-Month,92.39,2,-0.0,1,1
CUST-3049,2,One-Year,135.94,2,-0.41,0,1
CUST-3050,9,Month-to-Month,57.33,3,0.35,0,1
CUST-3051,37,Month-to-Month,62.61,1,-0.45,0,1
CUST-3052,20,Month-to-Month,35.03,7,0.29,1,1
CUST-3053,26,Month-to-Month,70.52,2,0.5,0,0
CUST-3054,29,One-Year,24.84,2,-0.12,0,0
CUST-3055,1,Two-Year,139.29,2,-0.39,0,1
CUST-3056,35,One-Year,107.5,2,-0.24,0,1
CUST-3057,6,Two-Year,148.8,0,0.12,0,1
CUST-3058,37,Two-Year,134.77,2,0.54,0,0
CUST-3059,5,Month-to-Month,81.49,1,0.06,2,1
CUST-3060,33,Month-to-Month,87.56,1,-0.38,0,0
CUST-3061,14,Month-to-Month,44.77,3,0.19,0,1
CUST-3062,12,One-Year,80.07,2,0.31,0,1
CUST-3063,42,Two-Year,137.39,0,-0.07,0,0
CUST-3064,20,Month-to-Month,26.61,3,0.29,0,0
CUST-3065,24,One-Year,132.26,3,-0.14,0,1
CUST-3066,43,One-Year,64.32,2,0.37,1,0
CUST-3067,34,One-Year,136.94,2,-0.12,0,0
CUST-3068,25,Month-to-Month,142.31,1,-0.22,0,1
CUST-3069,29,Month-to-Month,107.21,1,0.47,0,0
CUST-3070,39,Month-to-Month,106.38,1,0.1,0,1
CUST-3071,31,Month-to-Month,78.86,3,-0.19,0,1
CUST-3072,47,Month-to-Month,128.62,4,0.53,0,0
CUST-3073,43,One-Year,145.01,5,0.26,0,1
CUST-3074,23,Month-to-Month,120.76,1,-0.26,2,1
CUST-3075,44,Two-Year,100.85,3,0.18,0,0
CUST-3076,38,Month-to-Month,98.88,1,0.46,0,1
CUST-3077,20,One-Year,130.43,2,0.27,0,0
CUST-3078,23,Month-to-Month,90.36,4,-0.23,0,1
CUST-3079,45,One-Year,124.5,2,0.21,0,0
CUST-3080,16,Two-Year,86.16,1,0.18,1,1
CUST-3081,42,Month-to-Month,28.12,2,0.4,0,0
CUST-3082,8,Month-to-Month,69.91,0,-0.3,0,1
CUST-3083,21,One-Year,77.78,3,0.27,0,0
CUST-3084,1,Month-to-Month,38.41,3,-0.47,0,1
CUST-3085,8,Month-to-Month,33.32,3,0.27,0,1
CUST-3086,29,Month-to-Month,89.61,3,0.56,1,1
CUST-3087,32,Month-to-Month,31.07,3,-0.31,0,1
CUST-3088,38,One-Year,59.38,1,-0.16,0,0
CUST-3089,5,Month-to-Month,116.8,1,0.14,0,1
CUST-3090,47,Two-Year,145.38,1,0.31,0,0
CUST-3091,22,One-Year,113.32,0,-0.12,0,1
CUST-3092,47,One-Year,149.04,0,0.23,0,0
CUST-3093,34,One-Year,110.78,3,0.49,0,0
CUST-3094,1,Two-Year,58.19,3,0.3,1,0
CUST-3095,26,Month-to-Month,107.37,1,0.28,0,0
CUST-3096,43,Two-Year,111.28,1,-0.08,0,1
CUST-3097,10,One-Year,68.32,2,0.5,1,0
CUST-3098,30,One-Year,22.3,4,-0.19,0,0
CUST-3099,18,One-Year,111.42,2,-0.27,1,1
CUST-3100,17,Month-to-Month,22.82,2,-0.1,0,1
CUST-3101,26,Month-to-Month,102.05,2,0.22,0,1
CUST-3102,8,One-Year,41.27,1,0.45,0,0
CUST-3103,47,Month-to-Month,93.53,5,-0.35,0,1
CUST-3104,40,One-Year,85.51,5,0.4,0,0
CUST-3105,12,Month-to-Month,21.76,0,0.39,1,0
CUST-3106,27,Month-to-Month,67.17,0,0.15,0,0
CUST-3107,8,Month-to-Month,98.14,2,0.34,0,1
CUST-3108,25,Month-to-Month,130.32,1,-0.3,0,0
CUST-3109,46,Month-to-Month,135.52,1,-0.31,0,1
CUST-3110,4,Month-to-Month,82.9,0,0.45,0,1
CUST-3111,33,Two-Year,114.69,0,0.05,0,0
CUST-3112,1,One-Year,61.14,1,-0.23,0,1
CUST-3113,19,Month-to-Month,64.48,2,0.26,0,1
CUST-3114,31,One-Year,45.28,2,0.48,3,0
CUST-3115,16,Two-Year,93.05,0,0.2,0,0
CUST-3116,14,One-Year,60.89,1,-0.12,3,1
CUST-3117,5,Month-to-Month,30.97,0,0.03,0,1
CUST-3118,41,Two-Year,109.05,2,0.33,0,0
CUST-3119,26,One-Year,112.01,0,-0.43,1,0
CUST-3120,28,Month-to-Month,66.8,0,-0.26,0,1
CUST-3121,2,Month-to-Month,29.97,0,0.01,1,0
CUST-3122,6,One-Year,75.42,5,0.16,0,1
CUST-3123,9,Month-to-Month,77.5,3,-0.13,2,1
CUST-3124,33,Two-Year,106.93,2,-0.17,0,0
CUST-3125,41,Month-to-Month,61.0,1,-0.45,0,0
CUST-3126,25,Two-Year,108.74,1,-0.46,0,1
CUST-3127,13,One-Year,133.29,2,-0.19,1,1
CUST-3128,9,Month-to-Month,50.87,3,0.08,0,0
CUST-3129,13,Month-to-Month,147.26,1,0.11,0,0
CUST-3130,31,One-Year,70.23,1,0.04,0,0
CUST-3131,41,One-Year,54.74,2,-0.05,0,0
CUST-3132,11,One-Year,74.8,3,-0.22,0,0
CUST-3133,4,Month-to-Month,32.27,1,-0.06,0,1
CUST-3134,34,Month-to-Month,36.34,2,-0.35,0,0
CUST-3135,38,Month-to-Month,73.88,1,-0.37,0,1
CUST-3136,46,One-Year,119.12,1,-0.17,2,0
CUST-3137,4,Month-to-Month,137.04,1,0.59,0,1
CUST-3138,38,Month-to-Month,106.43,1,-0.14,0,0
CUST-3139,19,One-Year,33.68,1,0.53,0,0
CUST-3140,6,Two-Year,107.36,1,-0.07,0,0
CUST-3141,34,Month-to-Month,102.61,2,-0.02,0,0
CUST-3142,18,Month-to-Month,124.75,2,0.38,2,1
CUST-3143,13,One-Year,127.28,2,-0.4,0,1
CUST-3144,41,One-Year,132.87,2,-0.3,0,1
CUST-3145,23,Month-to-Month,73.84,1,0.57,0,0
CUST-3146,19,Two-Year,110.72,2,0.06,1,0
CUST-3147,45,Two-Year,54.87,0,-0.45,0,0
CUST-3148,11,Month-to-Month,149.91,0,-0.45,0,1
CUST-3149,1,Month-to-Month,42.79,2,0.5,0,0
CUST-3150,24,Month-to-Month,21.31,1,0.46,0,0
CUST-3151,7,One-Year,39.35,1,0.0,0,0
CUST-3152,25,Month-to-Month,120.86,5,-0.32,0,1
CUST-3153,21,One-Year,78.08,1,0.41,0,0
CUST-3154,15,One-Year,78.18,0,-0.14,0,0
CUST-3155,1,Month-to-Month,144.15,0,-0.04,2,1
CUST-3156,12,One-Year,139.55,2,0.25,0,1
CUST-3157,7,Two-Year,60.46,2,-0.11,0,1
CUST-3158,15,Month-to-Month,47.18,1,0.19,0,0
CUST-3159,21,Month-to-Month,130.3,0,0.47,0,0
CUST-3160,19,Month-to-Month,137.78,6,0.38,0,1
CUST-3161,29,Two-Year,90.41,2,-0.08,0,0
CUST-3162,25,Two-Year,101.83,2,-0.18,0,0
CUST-3163,33,Month-to-Month,53.4,1,-0.19,0,1
CUST-3164,32,One-Year,124.1,2,-0.12,0,1
CUST-3165,35,Month-to-Month,102.18,0,0.04,0,0
CUST-3166,44,Month-to-Month,85.46,4,-0.04,1,1
CUST-3167,38,Month-to-Month,27.81,1,-0.35,0,0
CUST-3168,26,Month-to-Month,139.07,2,-0.32,0,1
CUST-3169,11,Month-to-Month,100.01,0,-0.12,0,1
CUST-3170,35,One-Year,45.05,0,0.12,2,1
CUST-3171,8,Month-to-Month,98.83,1,0.15,0,1
CUST-3172,46,Two-Year,108.07,0,0.03,0,0
CUST-3173,14,Month-to-Month,88.35,3,0.31,0,1
CUST-3174,10,Month-to-Month,113.35,3,0.31,0,1
CUST-3175,2,Month-to-Month,95.59,2,-0.03,0,1
CUST-3176,46,One-Year,143.21,2,-0.36,0,0
CUST-3177,9,Month-to-Month,26.98,1,0.08,0,0
CUST-3178,3,Month-to-Month,33.81,2,-0.08,0,0
CUST-3179,21,Two-Year,42.58,1,-0.35,0,0
CUST-3180,26,Month-to-Month,109.72,2,0.58,0,0
CUST-3181,8,Month-to-Month,103.93,3,-0.09,0,1
CUST-3182,2,Two-Year,135.97,3,0.19,0,1
CUST-3183,6,Month-to-Month,115.27,2,0.04,1,1
CUST-3184,28,Month-to-Month,86.09,2,-0.34,0,0
CUST-3185,29,Month-to-Month,148.94,3,-0.44,0,1
CUST-3186,26,Month-to-Month,54.59,0,0.19,0,0
CUST-3187,25,Month-to-Month,128.31,2,-0.23,0,1
CUST-3188,12,Month-to-Month,75.48,1,-0.23,0,1
CUST-3189,5,Month-to-Month,104.34,2,0.55,1,1
CUST-3190,34,Month-to-Month,114.54,1,0.01,0,1
CUST-3191,37,One-Year,102.39,3,-0.47,0,1
CUST-3192,15,Month-to-Month,38.27,5,-0.13,1,1
CUST-3193,44,Month-to-Month,77.58,2,0.14,0,1
CUST-3194,36,Two-Year,92.99,2,-0.14,1,0
CUST-3195,15,One-Year,130.38,1,-0.47,0,1
CUST-3196,43,Month-to-Month,77.67,1,-0.01,0,0
CUST-3197,23,Two-Year,139.44,0,-0.38,0,1
CUST-3198,6,Month-to-Month,77.25,5,0.18,0,0
CUST-3199,46,Month-to-Month,91.34,3,0.18,1,1
CUST-3200,44,One-Year,123.52,2,-0.46,0,1
CUST-3201,43,Month-to-Month,95.8,1,-0.18,0,0
CUST-3202,45,Month-to-Month,144.83,4,-0.04,1,1
CUST-3203,21,Month-to-Month,105.84,1,0.11,0,1
CUST-3204,23,Month-to-Month,87.95,4,-0.17,2,1
CUST-3205,43,Month-to-Month,23.07,1,-0.18,2,1
CUST-3206,16,Two-Year,73.79,1,0.58,0,0
CUST-3207,47,Month-to-Month,58.9,0,-0.45,0,0
CUST-3208,15,Two-Year,117.25,2,0.59,0,0
CUST-3209,25,One-Year,47.08,2,-0.45,0,0
CUST-3210,36,Two-Year,46.68,2,-0.18,1,0
CUST-3211,11,One-Year,44.64,1,0.04,0,0
CUST-3212,15,One-Year,36.33,1,-0.34,0,0
CUST-3213,4,Month-to-Month,60.43,4,-0.35,0,1
CUST-3214,21,Month-to-Month,135.17,2,-0.22,0,1
CUST-3215,13,Month-to-Month,120.74,1,0.57,0,0
CUST-3216,22,Two-Year,115.58,2,-0.08,0,1
CUST-3217,19,Two-Year,123.65,3,0.12,0,1
CUST-3218,34,Month-to-Month,55.02,3,0.27,1,0
CUST-3219,14,Month-to-Month,135.37,2,0.32,0,0
CUST-3220,4,Month-to-Month,37.85,0,0.26,1,0
CUST-3221,46,One-Year,63.72,2,-0.13,0,0
CUST-3222,27,Month-to-Month,96.28,2,-0.38,0,1
CUST-3223,29,One-Year,33.38,1,-0.19,2,0
CUST-3224,47,Two-Year,114.92,1,-0.27,0,0
CUST-3225,28,Month-to-Month,70.34,5,-0.35,2,1
CUST-3226,35,Month-to-Month,121.97,0,-0.47,0,1
CUST-3227,8,Month-to-Month,84.08,3,0.53,0,0
CUST-3228,16,Month-to-Month,43.51,1,0.51,1,0
CUST-3229,42,Month-to-Month,115.52,0,-0.44,0,0
CUST-3230,36,Month-to-Month,52.78,1,-0.31,0,0
CUST-3231,30,Two-Year,83.81,0,-0.35,0,1
CUST-3232,18,Month-to-Month,29.82,0,-0.19,1,1
CUST-3233,2,Month-to-Month,100.32,3,-0.28,1,1
CUST-3234,13,Two-Year,106.56,1,0.54,0,0
CUST-3235,4,One-Year,69.23,1,-0.41,2,1
CUST-3236,26,Month-to-Month,144.07,0,-0.27,0,1
CUST-3237,25,One-Year,133.64,5,-0.41,2,1
CUST-3238,30,Month-to-Month,112.03,1,0.58,0,1
CUST-3239,11,One-Year,112.77,2,0.51,0,1
CUST-3240,7,One-Year,52.81,1,0.29,1,1
CUST-3241,31,One-Year,105.39,2,-0.03,0,0
CUST-3242,44,Month-to-Month,45.77,0,-0.29,2,1
CUST-3243,10,Two-Year,38.72,2,-0.26,0,0
CUST-3244,39,Month-to-Month,149.93,2,-0.01,0,0
CUST-3245,13,Month-to-Month,100.91,2,0.35,2,0
CUST-3246,31,Month-to-Month,76.03,1,-0.21,2,1
CUST-3247,7,Month-to-Month,57.46,2,-0.16,0,1
CUST-3248,42,Month-to-Month,98.51,0,0.16,0,1
CUST-3249,42,Two-Year,26.45,4,-0.24,1,1
CUST-3250,36,Two-Year,32.31,1,0.14,2,0
CUST-3251,20,Month-to-Month,24.27,3,-0.07,0,1
CUST-3252,4,Month-to-Month,84.89,2,-0.46,0,0
CUST-3253,7,Month-to-Month,98.08,2,-0.06,1,1
CUST-3254,1,Month-to-Month,28.12,3,0.51,0,1
CUST-3255,44,Month-to-Month,113.76,1,-0.18,3,1
CUST-3256,45,Two-Year,49.95,4,-0.14,0,0
CUST-3257,42,Month-to-Month,109.08,1,-0.43,0,1
CUST-3258,47,Month-to-Month,147.65,1,0.18,0,0
CUST-3259,13,Month-to-Month,109.84,2,0.43,0,1
CUST-3260,22,Two-Year,134.82,1,-0.11,0,1
CUST-3261,21,One-Year,143.27,2,-0.24,3,1
CUST-3262,22,Two-Year,83.28,3,0.55,0,0
CUST-3263,28,One-Year,111.3,2,0.32,1,1
CUST-3264,9,Month-to-Month,130.76,1,0.12,0,1
CUST-3265,26,Month-to-Month,66.36,1,-0.16,1,1
CUST-3266,9,One-Year,53.98,1,-0.26,0,0
CUST-3267,15,Month-to-Month,143.06,3,0.29,0,1
CUST-3268,10,One-Year,114.42,2,0.07,0,1
CUST-3269,24,Month-to-Month,48.56,1,0.07,0,0
CUST-3270,42,Month-to-Month,78.38,1,-0.42,3,1
CUST-3271,8,Month-to-Month,123.54,0,0.06,0,1
CUST-3272,24,One-Year,91.12,2,0.41,0,0
CUST-3273,16,One-Year,104.49,1,0.54,0,0
CUST-3274,26,Month-to-Month,117.99,2,-0.38,0,1
CUST-3275,27,Month-to-Month,100.86,3,0.19,0,1
CUST-3276,37,Month-to-Month,90.21,2,0.13,0,1
CUST-3277,4,Month-to-Month,117.45,2,0.48,0,1
CUST-3278,24,Month-to-Month,114.58,1,0.33,2,0
CUST-3279,19,Month-to-Month,101.88,3,0.56,0,1
CUST-3280,36,Month-to-Month,66.77,0,0.56,0,0
CUST-3281,39,Month-to-Month,72.76,2,-0.25,1,0
CUST-3282,10,Month-to-Month,146.16,4,0.3,0,1
CUST-3283,25,Month-to-Month,34.61,1,0.08,1,0
CUST-3284,18,Month-to-Month,54.91,1,-0.26,0,1
CUST-3285,19,Month-to-Month,84.01,1,-0.29,0,0
CUST-3286,36,Month-to-Month,128.77,3,-0.41,3,1
CUST-3287,10,One-Year,41.28,1,0.38,0,0
CUST-3288,33,Month-to-Month,56.0,2,-0.14,0,0
CUST-3289,5,Month-to-Month,28.55,0,0.44,0,0
CUST-3290,47,Month-to-Month,111.78,1,0.17,0,1
CUST-3291,35,One-Year,50.97,3,0.24,1,0
CUST-3292,44,Two-Year,70.53,3,-0.18,0,0
CUST-3293,34,One-Year,77.68,3,0.0,1,1
CUST-3294,33,One-Year,135.87,1,-0.05,0,0
CUST-3295,21,Month-to-Month,73.47,3,-0.24,3,1
CUST-3296,17,One-Year,38.88,1,0.42,0,0
CUST-3297,22,One-Year,88.16,2,0.18,0,0
CUST-3298,37,Month-to-Month,145.18,2,-0.46,0,0
CUST-3299,15,Month-to-Month,99.0,2,0.4,0,0
CUST-3300,35,Month-to-Month,147.84,4,-0.38,1,0
CUST-3301,28,Two-Year,129.34,4,-0.06,0,1
CUST-3302,7,Month-to-Month,24.68,1,0.13,0,1
CUST-3303,32,One-Year,105.59,0,-0.49,1,0
CUST-3304,11,Month-to-Month,57.28,2,0.22,1,0
CUST-3305,10,Month-to-Month,92.75,2,0.23,0,1
CUST-3306,9,Month-to-Month,56.31,1,0.22,1,1
CUST-3307,14,Month-to-Month,65.35,4,-0.32,0,1
CUST-3308,13,Two-Year,140.01,4,-0.22,0,1
CUST-3309,25,One-Year,46.86,2,-0.23,0,1
CUST-3310,2,Month-to-Month,133.63,3,0.56,3,1
CUST-3311,35,Two-Year,23.96,3,-0.43,0,0
CUST-3312,7,Month-to-Month,31.81,1,-0.03,0,0
CUST-3313,21,Two-Year,131.11,2,0.46,2,0
CUST-3314,18,Month-to-Month,101.97,1,0.35,0,1
CUST-3315,3,Month-to-Month,117.14,1,0.4,1,1
CUST-3316,42,Month-to-Month,47.22,1,0.57,1,1
CUST-3317,39,Month-to-Month,89.82,2,-0.07,3,0
CUST-3318,41,Month-to-Month,115.84,2,-0.16,0,1
CUST-3319,11,One-Year,101.55,0,-0.47,0,0
CUST-3320,39,Two-Year,81.32,1,-0.33,2,0
CUST-3321,24,One-Year,144.77,1,0.12,0,1
CUST-3322,46,Month-to-Month,107.9,1,-0.33,0,0
CUST-3323,19,Month-to-Month,138.01,1,0.31,0,1
CUST-3324,4,Month-to-Month,114.87,2,-0.46,0,1
CUST-3325,26,Month-to-Month,115.61,0,-0.21,2,1
CUST-3326,38,One-Year,30.4,1,0.26,0,0
CUST-3327,42,Month-to-Month,66.73,2,-0.22,0,0
CUST-3328,32,Month-to-Month,131.59,2,0.3,0,1
CUST-3329,39,Month-to-Month,50.24,1,0.6,0,1
CUST-3330,45,Two-Year,35.02,1,0.38,0,0
CUST-3331,46,Month-to-Month,62.39,1,-0.12,0,1
CUST-3332,36,Month-to-Month,48.66,2,0.49,0,0
CUST-3333,40,Month-to-Month,140.29,0,-0.44,0,1
CUST-3334,37,Month-to-Month,132.84,1,0.3,2,0
CUST-3335,33,Month-to-Month,84.96,2,-0.47,0,1
CUST-3336,36,Month-to-Month,27.97,3,-0.31,0,1
CUST-3337,3,One-Year,112.89,0,0.59,2,0
CUST-3338,9,Month-to-Month,101.04,1,-0.1,0,1
CUST-3339,8,One-Year,146.17,1,0.4,2,1
CUST-3340,33,Two-Year,92.66,1,-0.09,0,1
CUST-3341,6,One-Year,63.73,1,0.42,0,0
CUST-3342,41,Month-to-Month,87.47,2,0.56,1,0
CUST-3343,39,Month-to-Month,147.3,3,-0.02,0,1
CUST-3344,4,One-Year,110.53,1,0.12,1,0
CUST-3345,13,One-Year,107.36,0,0.19,1,0
CUST-3346,2,Month-to-Month,51.29,1,0.53,0,0
CUST-3347,5,One-Year,116.67,1,-0.22,0,1
CUST-3348,44,Month-to-Month,117.54,2,0.17,1,0
CUST-3349,27,Month-to-Month,61.25,3,-0.14,0,1
CUST-3350,32,Month-to-Month,82.88,1,-0.26,1,1
CUST-3351,21,Month-to-Month,58.3,4,-0.41,0,1
CUST-3352,8,Month-to-Month,53.63,1,0.18,0,1
CUST-3353,38,One-Year,23.37,1,0.47,0,0
CUST-3354,8,Month-to-Month,57.08,4,-0.11,0,1
CUST-3355,3,Month-to-Month,92.02,4,0.11,0,1
CUST-3356,44,Month-to-Month,20.21,1,0.21,0,0
CUST-3357,3,Month-to-Month,56.82,4,-0.04,0,0
CUST-3358,22,Month-to-Month,134.58,4,0.49,0,1
CUST-3359,6,One-Year,97.17,2,-0.1,0,0
CUST-3360,2,One-Year,99.02,1,-0.36,1,1
CUST-3361,23,One-Year,72.44,0,-0.34,0,0
CUST-3362,44,One-Year,107.94,2,0.48,0,0
CUST-3363,2,Month-to-Month,44.69,1,0.59,0,1
CUST-3364,38,Month-to-Month,126.44,1,-0.18,0,0
CUST-3365,17,Month-to-Month,35.17,3,-0.34,0,1
CUST-3366,35,Month-to-Month,105.28,3,0.03,0,1
CUST-3367,34,Two-Year,64.35,1,0.28,0,0
CUST-3368,23,Month-to-Month,117.18,4,0.17,0,1
CUST-3369,30,Month-to-Month,91.47,0,0.55,0,1
CUST-3370,8,Two-Year,78.81,1,0.4,3,1
CUST-3371,22,Two-Year,42.02,4,0.46,0,1
CUST-3372,44,One-Year,102.79,1,0.1,0,1
CUST-3373,36,Month-to-Month,146.72,4,-0.14,0,1
CUST-3374,5,Month-to-Month,127.33,1,0.27,0,0
CUST-3375,13,Month-to-Month,27.8,4,-0.02,0,1
CUST-3376,29,Month-to-Month,68.91,0,-0.18,0,0
CUST-3377,31,Month-to-Month,140.33,1,-0.33,1,1
CUST-3378,47,Month-to-Month,85.4,2,0.08,0,0
CUST-3379,16,Two-Year,106.07,3,0.15,0,1
CUST-3380,42,Month-to-Month,138.64,3,0.13,0,1
CUST-3381,30,One-Year,133.59,3,-0.37,0,0
CUST-3382,16,One-Year,85.24,2,0.13,0,0
CUST-3383,12,Month-to-Month,76.89,1,-0.31,0,1
CUST-3384,17,One-Year,64.16,3,0.23,0,0
CUST-3385,16,Month-to-Month,113.47,1,-0.03,0,1
CUST-3386,12,Month-to-Month,57.31,2,0.43,0,0
CUST-3387,8,One-Year,52.49,4,0.36,0,0
CUST-3388,20,Month-to-Month,66.31,3,0.3,0,1
CUST-3389,3,Two-Year,43.04,2,0.27,0,0
CUST-3390,16,Month-to-Month,110.37,2,0.12,0,1
CUST-3391,30,One-Year,100.11,3,-0.43,0,1
CUST-3392,45,Month-to-Month,82.77,4,0.22,0,1
CUST-3393,23,Month-to-Month,70.74,3,0.01,0,0
CUST-3394,28,Month-to-Month,138.18,0,0.02,0,0
CUST-3395,40,One-Year,23.79,3,-0.08,0,0
CUST-3396,5,Two-Year,119.98,1,0.52,0,0
CUST-3397,20,Two-Year,137.25,2,-0.23,2,1
CUST-3398,40,Month-to-Month,78.03,2,-0.15,0,1
CUST-3399,44,One-Year,91.59,1,0.56,0,0
CUST-3400,1,One-Year,142.78,1,0.39,0,0
CUST-3401,30,One-Year,47.6,2,-0.48,0,0
CUST-3402,21,Month-to-Month,87.62,1,0.5,0,1
CUST-3403,20,One-Year,81.71,1,-0.25,0,1
CUST-3404,6,Two-Year,53.59,3,0.28,0,0
CUST-3405,22,Month-to-Month,126.42,1,0.11,1,1
CUST-3406,18,Two-Year,136.95,4,0.09,1,1
CUST-3407,8,One-Year,121.65,1,0.29,0,1
CUST-3408,39,Month-to-Month,45.4,1,-0.27,0,1
CUST-3409,32,Month-to-Month,31.28,1,-0.33,0,1
CUST-3410,33,Month-to-Month,98.71,3,0.22,1,0
CUST-3411,16,Month-to-Month,27.42,1,-0.18,0,1
CUST-3412,12,Two-Year,107.47,0,0.57,0,0
CUST-3413,38,Month-to-Month,88.96,2,-0.0,0,1
CUST-3414,34,Two-Year,106.16,1,-0.38,0,0
CUST-3415,14,Two-Year,96.72,0,0.25,0,0
CUST-3416,36,Month-to-Month,74.95,1,-0.16,0,1
CUST-3417,33,Two-Year,46.11,3,-0.34,0,0
CUST-3418,23,Two-Year,59.74,1,-0.03,0,1
CUST-3419,45,One-Year,88.19,2,0.56,0,0
CUST-3420,2,One-Year,104.74,1,-0.05,0,1
CUST-3421,41,Two-Year,121.33,3,-0.12,0,1
CUST-3422,21,One-Year,119.73,1,-0.01,0,1
CUST-3423,2,Month-to-Month,146.45,1,-0.49,0,1
CUST-3424,27,Two-Year,57.16,5,-0.35,2,1
CUST-3425,9,One-Year,29.24,5,0.43,0,0
CUST-3426,1,One-Year,64.94,1,0.58,0,0
CUST-3427,11,Month-to-Month,116.63,4,-0.33,0,1
CUST-3428,3,One-Year,76.95,1,0.09,1,1
CUST-3429,23,Month-to-Month,126.31,2,0.56,1,1
CUST-3430,26,Two-Year,91.41,1,-0.33,0,0
CUST-3431,4,Month-to-Month,140.87,0,-0.3,0,1
CUST-3432,18,Month-to-Month,143.22,3,0.52,0,1
CUST-3433,6,Month-to-Month,29.01,5,0.28,0,1
CUST-3434,35,Month-to-Month,79.33,1,-0.33,0,0
CUST-3435,22,One-Year,99.26,2,-0.07,0,0
CUST-3436,43,Two-Year,53.26,0,-0.44,0,1
CUST-3437,15,Two-Year,72.92,3,-0.02,0,1
CUST-3438,22,Month-to-Month,108.1,1,0.36,0,1
CUST-3439,37,Month-to-Month,49.48,1,0.11,0,0
CUST-3440,42,Two-Year,98.26,1,0.21,1,0
CUST-3441,12,Two-Year,110.67,4,-0.14,0,1
CUST-3442,47,Month-to-Month,31.76,3,-0.32,0,1
CUST-3443,42,Month-to-Month,84.68,3,-0.49,0,1
CUST-3444,38,Month-to-Month,54.2,0,0.4,0,0
CUST-3445,18,Two-Year,114.17,2,0.2,0,1
CUST-3446,45,One-Year,44.64,3,-0.25,0,0
CUST-3447,35,Month-to-Month,135.99,3,-0.04,0,1
CUST-3448,30,Month-to-Month,76.02,2,0.38,1,0
CUST-3449,24,Two-Year,45.74,2,0.09,1,0
CUST-3450,42,Month-to-Month,76.94,3,-0.17,1,1
CUST-3451,30,Month-to-Month,73.14,4,-0.21,0,1
CUST-3452,14,One-Year,75.76,3,-0.26,0,1
CUST-3453,6,Month-to-Month,96.12,1,0.41,0,1
CUST-3454,3,Month-to-Month,87.75,0,0.14,1,0
CUST-3455,16,Two-Year,39.47,3,0.28,0,0
CUST-3456,7,Two-Year,28.53,0,0.45,1,0
CUST-3457,14,Two-Year,114.82,0,0.59,0,0
CUST-3458,9,Two-Year,92.76,2,-0.23,1,0
CUST-3459,15,One-Year,66.67,0,-0.3,0,0
CUST-3460,21,Two-Year,125.09,2,0.01,0,0
CUST-3461,35,Month-to-Month,70.45,2,-0.46,2,1
CUST-3462,2,One-Year,123.48,2,0.37,0,0
CUST-3463,27,Two-Year,59.75,2,0.47,2,1
CUST-3464,2,Month-to-Month,29.47,6,0.25,1,1
CUST-3465,35,Month-to-Month,141.24,1,-0.21,3,1
CUST-3466,18,Month-to-Month,71.29,0,-0.36,0,1
CUST-3467,14,Month-to-Month,123.05,5,-0.08,0,0
CUST-3468,20,Month-to-Month,56.29,0,0.42,0,0
CUST-3469,18,Two-Year,104.03,3,-0.12,2,1
CUST-3470,10,Two-Year,133.53,5,-0.46,0,1
CUST-3471,25,Month-to-Month,25.41,1,-0.2,0,0
CUST-3472,2,Month-to-Month,127.98,0,0.59,0,0
CUST-3473,25,Month-to-Month,94.27,2,0.24,1,1
CUST-3474,33,Two-Year,98.97,1,0.49,1,0
CUST-3475,36,Month-to-Month,88.01,2,0.35,0,1
CUST-3476,31,Month-to-Month,133.68,1,0.09,0,1
CUST-3477,14,Month-to-Month,25.65,2,-0.34,0,1
CUST-3478,1,Month-to-Month,53.93,3,-0.12,0,1
CUST-3479,46,Month-to-Month,133.85,2,0.14,0,0
CUST-3480,16,Two-Year,117.8,1,0.46,0,0
CUST-3481,46,One-Year,22.29,1,-0.2,0,0
CUST-3482,3,One-Year,87.21,1,-0.37,1,1
CUST-3483,35,Month-to-Month,88.84,0,0.11,0,0
CUST-3484,41,One-Year,72.11,7,-0.31,0,1
CUST-3485,6,One-Year,58.66,1,0.17,1,1
CUST-3486,25,Month-to-Month,108.62,3,-0.21,0,1
CUST-3487,13,One-Year,47.01,1,-0.25,1,0
CUST-3488,34,Month-to-Month,123.86,1,-0.06,0,0
CUST-3489,8,Two-Year,124.39,0,0.15,1,1
CUST-3490,21,Month-to-Month,73.98,3,0.1,0,1
CUST-3491,34,Two-Year,56.86,3,-0.23,0,1
CUST-3492,4,Month-to-Month,56.9,2,0.48,0,1
CUST-3493,25,One-Year,82.7,2,-0.38,2,0
CUST-3494,15,One-Year,113.55,3,-0.46,3,1
CUST-3495,4,One-Year,66.65,3,0.16,0,1
CUST-3496,45,Month-to-Month,99.31,1,-0.36,0,1
CUST-3497,12,Month-to-Month,69.72,2,0.06,0,0
CUST-3498,32,One-Year,59.59,1,0.55,0,0
CUST-3499,32,Month-to-Month,23.23,3,0.27,1,0
